,respondent_id,sequence_number,loan_amount_000s,applicant_income_000s,loan_type,property_type,action_taken,denial_reason_1,application_date,review_start_date,underwriter_id,underwriting_status,action_taken_date
0,0000068601,,175,38.0,1,1,1,,2020-04-12,2020-04-21,U001,Approved,2020-04-25
1,0000063194,,196,73.0,2,1,1,,2021-03-11,2021-03-12,U001,Approved,2021-03-17
2,0000451965,,1079,278.0,1,1,1,,2020-09-27,2020-10-06,U002,Approved,2020-10-09
3,41-1842999,,199,119.0,1,1,1,,2020-04-16,2020-04-24,U001,Approved,2020-05-02
4,0000613307,,800,181.0,1,1,1,,2020-03-12,2020-03-18,U003,Approved,2020-03-31
5,0000451965,,170,81.0,1,1,1,,2021-12-01,2021-12-08,U003,Approved,2021-12-21
6,0000016450,,157,42.0,2,1,1,,2020-01-21,2020-01-24,U003,Approved,2020-02-02
7,73-1577221,,183,204.0,1,1,1,,2021-09-06,2021-09-07,U003,Approved,2021-09-20
8,0000068490,,62,50.0,1,1,1,,2020-05-01,2020-05-06,U002,Approved,2020-05-19
9,0000451965,,196,57.0,2,1,1,,2021-04-11,2021-04-13,U002,Approved,2021-04-17
10,0000060806,,304,219.0,1,1,1,,2020-08-02,2020-08-07,U002,Approved,2020-08-17
11,33-0975529,,82,74.0,2,1,1,,2020-11-26,2020-12-04,U003,Approved,2020-12-12
12,7197000003,,112,82.0,1,1,1,,2021-04-03,2021-04-12,U003,Approved,2021-04-18
13,0000504713,,287,114.0,1,1,1,,2020-03-28,2020-03-30,U001,Approved,2020-04-06
14,7197000003,,350,250.0,1,1,1,,2021-01-07,2021-01-10,U001,Approved,2021-01-20
15,0001189117,,158,59.0,1,1,1,,2020-04-09,2020-04-12,U003,Approved,2020-04-17
16,36-4327855,,416,118.0,1,1,1,,2021-10-25,2021-10-26,U003,Approved,2021-10-31
17,62-1532940,,152,57.0,1,1,1,,2020-05-10,2020-05-18,U003,Approved,2020-05-31
18,0003303298,,705,462.0,1,1,1,,2021-10-23,2021-10-29,U003,Approved,2021-11-04
19,0000852218,,128,50.0,1,1,1,,2020-11-04,2020-11-12,U001,Approved,2020-11-15
20,7197000003,,189,93.0,2,1,1,,2020-12-09,2020-12-18,U003,Approved,2020-12-29
21,0003072606,,204,137.0,1,1,1,,2021-05-06,2021-05-11,U001,Approved,2021-05-21
22,36-4489176,,124,325.0,1,1,1,,2021-02-17,2021-02-20,U003,Approved,2021-03-02
23,0000852320,,155,102.0,1,1,1,,2021-01-20,2021-01-25,U003,Approved,2021-02-06
24,0000024326,,324,82.0,1,1,1,,2020-07-10,2020-07-15,U003,Approved,2020-07-23
25,72-1545376,,325,97.0,2,1,1,,2020-10-03,2020-10-08,U001,Approved,2020-10-17
26,0000000028,,20,75.0,1,1,1,,2020-06-09,2020-06-12,U001,Approved,2020-06-20
27,0000014807,,182,58.0,1,1,1,,2021-04-04,2021-04-14,U002,Approved,2021-04-25
28,0000451965,,435,151.0,1,1,1,,2020-11-09,2020-11-13,U003,Approved,2020-11-18
29,62-1532940,,218,53.0,1,1,1,,2020-01-22,2020-01-31,U002,Approved,2020-02-05
30,84-1040263,,105,,2,1,1,,2020-09-09,2020-09-19,U002,Approved,2020-09-24
31,26-4599244,,278,98.0,1,1,1,,2021-07-14,2021-07-23,U001,Approved,2021-08-04
32,0000063004,,155,91.0,1,1,1,,2021-04-19,2021-04-21,U001,Approved,2021-04-26
33,0000016450,,192,112.0,1,1,1,,2020-02-28,2020-03-07,U002,Approved,2020-03-18
34,0000527954,,145,53.0,2,1,1,,2021-05-25,2021-06-02,U003,Approved,2021-06-16
35,0000544652,,115,95.0,1,1,1,,2021-11-12,2021-11-19,U001,Approved,2021-11-25
36,0000480228,,3542,1938.0,1,1,1,,2021-04-20,2021-04-28,U003,Approved,2021-05-13
37,57-1175755,,136,83.0,2,1,1,,2021-11-30,2021-12-03,U003,Approved,2021-12-12
38,0000703781,,69,42.0,1,1,1,,2020-07-08,2020-07-14,U002,Approved,2020-07-25
39,0000008111,,78,34.0,1,1,1,,2021-11-17,2021-11-18,U002,Approved,2021-12-01
40,0000011807,,97,108.0,1,1,1,,2021-07-16,2021-07-23,U002,Approved,2021-08-06
41,0000451965,,180,88.0,1,1,1,,2021-07-20,2021-07-21,U002,Approved,2021-07-30
42,7197000003,,135,,3,1,1,,2020-08-31,2020-09-09,U001,Approved,2020-09-20
43,75-2921540,,112,96.0,1,1,1,,2021-05-19,2021-05-20,U001,Approved,2021-06-03
44,7197000003,,132,54.0,1,1,1,,2020-05-10,2020-05-11,U002,Approved,2020-05-16
45,0000062514,,92,35.0,2,1,1,,2021-04-29,2021-05-06,U001,Approved,2021-05-12
46,33-0419992,,213,40.0,1,1,1,,2021-10-08,2021-10-10,U002,Approved,2021-10-20
47,59-3345547,,149,,2,1,1,,2020-01-21,2020-01-26,U003,Approved,2020-02-03
48,0000066834,,75,41.0,1,1,1,,2020-06-15,2020-06-23,U003,Approved,2020-06-30
49,0000026336,,550,179.0,1,1,1,,2020-09-30,2020-10-08,U003,Approved,2020-10-23
50,7197000003,,181,43.0,2,1,1,,2021-01-22,2021-01-25,U002,Approved,2021-01-31
51,0000656733,,114,66.0,1,1,1,,2021-08-23,2021-08-30,U003,Approved,2021-09-09
52,7197000003,,334,79.0,1,1,1,,2020-11-11,2020-11-14,U001,Approved,2020-11-17
53,0000917742,,93,,1,1,1,,2020-01-14,2020-01-20,U003,Approved,2020-01-31
54,0000019222,,424,95.0,1,1,1,,2020-08-29,2020-09-04,U003,Approved,2020-09-07
55,0000146672,,228,72.0,2,1,1,,2020-12-11,2020-12-14,U003,Approved,2020-12-24
56,80-0233937,,424,143.0,1,1,1,,2021-07-18,2021-07-25,U001,Approved,2021-07-31
57,0542409990,,404,118.0,1,1,1,,2020-12-05,2020-12-08,U002,Approved,2020-12-19
58,38-2750395,,372,84.0,1,1,1,,2020-04-01,2020-04-09,U001,Approved,2020-04-22
59,77-0158990,,238,90.0,1,1,1,,2021-01-01,2021-01-11,U002,Approved,2021-01-18
60,20-8745846,,206,56.0,2,1,1,,2021-03-30,2021-04-03,U002,Approved,2021-04-08
61,0000601050,,234,80.0,2,1,1,,2021-03-03,2021-03-04,U003,Approved,2021-03-15
62,0000022874,,133,45.0,1,1,1,,2021-05-23,2021-05-27,U002,Approved,2021-06-09
63,0000501105,,162,92.0,1,1,1,,2020-02-04,2020-02-11,U001,Approved,2020-02-22
64,0000062172,,60,100.0,1,1,1,,2020-07-24,2020-07-28,U001,Approved,2020-08-03
65,0471809999,,145,30.0,2,1,1,,2020-03-21,2020-03-27,U002,Approved,2020-04-09
66,13-6131491,,140,58.0,3,1,1,,2021-07-15,2021-07-24,U003,Approved,2021-07-30
67,0000451965,,216,91.0,1,1,1,,2021-01-22,2021-01-23,U003,Approved,2021-02-06
68,0000024224,,630,,3,1,1,,2020-01-02,2020-01-07,U001,Approved,2020-01-17
69,0000852218,,220,87.0,1,1,1,,2021-01-24,2021-01-31,U003,Approved,2021-02-04
70,0000480228,,81,62.0,2,1,1,,2021-07-19,2021-07-20,U002,Approved,2021-07-31
71,26-4599244,,123,100.0,1,1,1,,2020-04-15,2020-04-19,U002,Approved,2020-05-04
72,0000702825,,228,78.0,1,1,1,,2021-04-21,2021-04-27,U001,Approved,2021-05-05
73,23-2769131,,386,72.0,2,1,1,,2021-12-03,2021-12-05,U002,Approved,2021-12-16
74,38-2799035,,203,56.0,1,1,1,,2021-02-05,2021-02-15,U001,Approved,2021-02-25
75,0000542649,,156,530.0,1,1,1,,2021-12-30,2022-01-04,U002,Approved,2022-01-13
76,0000066777,,430,103.0,1,1,1,,2021-07-09,2021-07-19,U001,Approved,2021-08-03
77,0000025103,,175,66.0,1,1,1,,2020-06-10,2020-06-11,U003,Approved,2020-06-14
78,0000527954,,105,30.0,2,1,1,,2020-07-20,2020-07-26,U002,Approved,2020-08-09
79,0000022394,,75,84.0,1,1,1,,2020-09-26,2020-10-02,U002,Approved,2020-10-07
80,26-0813134,,424,116.0,1,1,1,,2020-09-27,2020-10-01,U001,Approved,2020-10-14
81,0000066742,,77,62.0,1,1,1,,2021-03-31,2021-04-08,U001,Approved,2021-04-12
82,7197000003,,277,61.0,1,1,1,,2021-04-06,2021-04-10,U002,Approved,2021-04-17
83,2148900000,,156,74.0,2,1,1,,2021-12-27,2022-01-04,U001,Approved,2022-01-11
84,0002712969,,250,142.0,1,1,1,,2020-09-08,2020-09-16,U002,Approved,2020-09-23
85,7992700007,,114,75.0,1,1,1,,2021-12-02,2021-12-07,U003,Approved,2021-12-13
86,0000959395,,93,57.0,1,1,1,,2020-10-22,2020-10-26,U001,Approved,2020-11-02
87,0000019581,,235,78.0,3,1,1,,2021-12-25,2021-12-27,U002,Approved,2022-01-01
88,20-0378305,,340,65.0,1,1,1,,2021-12-20,2021-12-23,U003,Approved,2022-01-06
89,0000012311,,124,55.0,1,1,1,,2020-12-03,2020-12-06,U003,Approved,2020-12-09
90,33-0941669,,119,63.0,3,1,1,,2020-02-22,2020-02-26,U002,Approved,2020-03-04
91,0000451965,,240,70.0,1,1,1,,2020-08-04,2020-08-08,U001,Approved,2020-08-23
92,26-4599244,,274,,3,1,1,,2020-07-06,2020-07-16,U002,Approved,2020-07-27
93,43-0889809,,231,48.0,1,1,1,,2021-01-14,2021-01-19,U003,Approved,2021-02-03
94,43-1965151,,245,77.0,3,1,1,,2021-05-07,2021-05-11,U002,Approved,2021-05-22
95,01-0726495,,229,57.0,2,1,1,,2020-02-10,2020-02-20,U001,Approved,2020-02-26
96,86-0860478,,202,46.0,4,1,1,,2020-06-05,2020-06-13,U003,Approved,2020-06-18
97,02-0594137,,225,48.0,1,1,1,,2020-01-15,2020-01-21,U002,Approved,2020-01-24
98,54-0259290,,420,151.0,1,1,1,,2020-03-05,2020-03-11,U001,Approved,2020-03-15
99,22-3039688,,157,79.0,2,1,1,,2021-06-04,2021-06-12,U003,Approved,2021-06-22
100,43-1779519,,97,215.0,1,1,1,,2020-12-09,2020-12-16,U001,Approved,2020-12-19
101,38-2750395,,119,46.0,2,1,1,,2020-05-08,2020-05-18,U003,Approved,2020-05-28
102,33-0419992,,317,58.0,3,1,1,,2021-10-09,2021-10-19,U002,Approved,2021-11-03
103,0000852218,,248,43.0,1,1,1,,2021-04-16,2021-04-24,U001,Approved,2021-05-03
104,13-6131491,,90,,1,1,1,,2020-03-03,2020-03-05,U003,Approved,2020-03-15
105,13-6131491,,177,48.0,2,1,1,,2020-05-18,2020-05-27,U001,Approved,2020-06-10
106,7197000003,,88,79.0,2,1,1,,2021-05-13,2021-05-14,U001,Approved,2021-05-22
107,54-1874129,,464,120.0,3,1,1,,2021-08-15,2021-08-23,U002,Approved,2021-09-06
108,0000025080,,246,99.0,1,1,1,,2021-01-26,2021-01-30,U001,Approved,2021-02-10
109,0000504713,,135,135.0,1,1,1,,2021-11-05,2021-11-09,U003,Approved,2021-11-14
110,22-3039688,,314,235.0,1,1,1,,2021-02-22,2021-02-27,U003,Approved,2021-03-11
111,76-0236067,,242,148.0,1,1,1,,2020-10-15,2020-10-23,U003,Approved,2020-10-29
112,0000066835,,160,65.0,1,1,1,,2021-01-13,2021-01-18,U003,Approved,2021-02-02
113,0000060520,,253,100.0,1,1,1,,2021-05-04,2021-05-12,U002,Approved,2021-05-20
114,13-6131491,,429,177.0,3,1,1,,2020-08-18,2020-08-28,U001,Approved,2020-09-07
115,75-2921540,,153,58.0,1,1,1,,2020-02-10,2020-02-11,U002,Approved,2020-02-18
116,0000716456,,291,92.0,1,1,1,,2020-01-28,2020-02-07,U001,Approved,2020-02-12
117,2317700005,,270,105.0,1,1,1,,2020-05-14,2020-05-23,U001,Approved,2020-05-31
118,7608800001,,67,56.0,1,1,1,,2020-07-19,2020-07-25,U001,Approved,2020-07-31
119,0000146672,,200,53.0,1,1,1,,2020-02-02,2020-02-05,U002,Approved,2020-02-16
120,68-0309242,,524,157.0,1,1,1,,2020-02-17,2020-02-25,U001,Approved,2020-03-11
121,0000017964,,148,39.0,1,1,1,,2021-05-17,2021-05-26,U002,Approved,2021-05-31
122,7197000003,,330,,2,1,1,,2021-02-10,2021-02-16,U003,Approved,2021-02-22
123,0000664756,,424,132.0,1,1,1,,2021-07-27,2021-08-03,U003,Approved,2021-08-12
124,0000480228,,72,55.0,1,1,1,,2021-12-28,2021-12-29,U001,Approved,2022-01-07
125,33-0975529,,165,63.0,1,1,1,,2020-04-08,2020-04-13,U002,Approved,2020-04-27
126,38-3564305,,378,146.0,1,1,1,,2021-11-14,2021-11-19,U003,Approved,2021-12-03
127,0000146672,,182,39.0,4,1,1,,2021-12-26,2022-01-05,U002,Approved,2022-01-11
128,7197000003,,126,48.0,1,1,1,,2021-06-30,2021-07-04,U002,Approved,2021-07-12
129,22-3039688,,261,,2,1,1,,2021-09-04,2021-09-10,U001,Approved,2021-09-24
130,0000066328,,98,56.0,1,1,1,,2021-04-06,2021-04-13,U003,Approved,2021-04-28
131,7197000003,,262,136.0,1,1,1,,2021-10-04,2021-10-13,U001,Approved,2021-10-18
132,27-1190043,,300,91.0,2,1,1,,2020-01-05,2020-01-06,U001,Approved,2020-01-14
133,0000067664,,257,93.0,2,1,1,,2020-08-05,2020-08-11,U003,Approved,2020-08-25
134,0002888798,,283,70.0,3,1,1,,2021-05-17,2021-05-24,U003,Approved,2021-05-28
135,0002888798,,72,27.0,2,1,1,,2021-02-01,2021-02-04,U002,Approved,2021-02-14
136,7197000003,,164,177.0,1,1,1,,2021-01-27,2021-02-04,U003,Approved,2021-02-08
137,22-3039688,,152,,2,1,1,,2020-07-25,2020-07-30,U002,Approved,2020-08-12
138,0000062514,,147,77.0,1,1,1,,2020-01-15,2020-01-24,U002,Approved,2020-02-02
139,0000023922,,272,132.0,1,1,1,,2021-07-07,2021-07-12,U002,Approved,2021-07-23
140,84-1040263,,205,,2,1,1,,2021-04-05,2021-04-14,U003,Approved,2021-04-17
141,46-3676810,,146,82.0,1,1,1,,2021-11-21,2021-12-01,U001,Approved,2021-12-11
142,0000480228,,66,26.0,1,1,1,,2021-07-28,2021-08-01,U002,Approved,2021-08-10
143,20-0378305,,268,90.0,1,1,1,,2020-08-28,2020-09-06,U001,Approved,2020-09-14
144,0000504713,,25,40.0,1,1,1,,2021-07-17,2021-07-22,U001,Approved,2021-07-30
145,34-1719615,,171,84.0,1,1,1,,2020-04-05,2020-04-15,U003,Approved,2020-04-23
146,0000008120,,216,71.0,2,1,1,,2021-04-29,2021-05-08,U001,Approved,2021-05-19
147,33-0175937,,312,67.0,3,1,1,,2021-02-10,2021-02-13,U001,Approved,2021-02-17
148,26-4599244,,100,33.0,1,1,1,,2020-08-18,2020-08-22,U003,Approved,2020-08-25
149,41-1914032,,109,44.0,1,1,1,,2021-10-16,2021-10-25,U002,Approved,2021-11-09
150,0000451965,,198,93.0,1,1,1,,2020-06-19,2020-06-29,U001,Approved,2020-07-13
151,68-0309242,,662,111.0,3,1,1,,2021-06-24,2021-06-30,U003,Approved,2021-07-08
152,7197000003,,143,55.0,3,1,1,,2020-02-05,2020-02-07,U001,Approved,2020-02-19
153,0000852218,,1112,388.0,1,1,1,,2021-06-08,2021-06-15,U001,Approved,2021-06-28
154,75-2269700,,267,68.0,1,1,1,,2020-06-08,2020-06-10,U002,Approved,2020-06-20
155,20-8083209,,165,39.0,1,1,1,,2021-11-29,2021-12-01,U001,Approved,2021-12-06
156,84-1040263,,290,101.0,3,1,1,,2020-08-30,2020-08-31,U003,Approved,2020-09-14
157,0000817824,,262,157.0,1,1,1,,2020-03-26,2020-03-29,U001,Approved,2020-04-10
158,0000001074,,785,129.0,1,1,1,,2021-07-31,2021-08-06,U002,Approved,2021-08-09
159,0000075633,,138,89.0,1,1,1,,2021-11-12,2021-11-20,U002,Approved,2021-12-01
160,0000066642,,71,78.0,1,1,1,,2021-07-10,2021-07-19,U003,Approved,2021-08-03
161,13-6131491,,136,29.0,2,1,1,,2021-07-27,2021-08-03,U002,Approved,2021-08-18
162,0000075633,,129,230.0,1,1,1,,2021-10-07,2021-10-11,U001,Approved,2021-10-14
163,0000233031,,145,60.0,4,1,1,,2020-01-28,2020-02-03,U002,Approved,2020-02-08
164,01-0464609,,390,161.0,1,1,1,,2021-09-11,2021-09-16,U003,Approved,2021-09-26
165,7811300008,,123,103.0,2,1,1,,2021-07-09,2021-07-17,U002,Approved,2021-07-22
166,7197000003,,315,75.0,1,1,1,,2020-12-05,2020-12-06,U002,Approved,2020-12-21
167,54-1872422,,60,95.0,1,1,1,,2020-11-26,2020-11-27,U002,Approved,2020-12-03
168,34-2000096,,153,42.0,4,1,1,,2021-10-01,2021-10-07,U003,Approved,2021-10-17
169,33-0975529,,232,169.0,3,1,1,,2021-05-20,2021-05-30,U002,Approved,2021-06-02
170,0000019899,,274,127.0,1,1,1,,2020-12-13,2020-12-15,U002,Approved,2020-12-30
171,23-2470039,,526,411.0,1,1,1,,2021-04-17,2021-04-22,U001,Approved,2021-05-07
172,33-0962918,,204,138.0,2,1,1,,2020-08-18,2020-08-19,U003,Approved,2020-08-27
173,0000017943,,185,40.0,1,1,1,,2020-07-08,2020-07-15,U002,Approved,2020-07-18
174,0000002847,,200,63.0,1,1,1,,2020-08-12,2020-08-13,U003,Approved,2020-08-16
175,38-2750395,,424,75.0,1,1,1,,2021-01-19,2021-01-23,U002,Approved,2021-02-02
176,7197000003,,285,147.0,2,1,1,,2021-01-11,2021-01-20,U002,Approved,2021-02-02
177,7197000003,,298,130.0,1,1,1,,2020-10-09,2020-10-10,U002,Approved,2020-10-16
178,80-0233937,,380,136.0,1,1,1,,2021-09-24,2021-09-28,U001,Approved,2021-10-12
179,0000504713,,84,157.0,1,1,1,,2021-09-19,2021-09-25,U001,Approved,2021-09-28
180,86-0634557,,319,91.0,1,1,1,,2020-09-15,2020-09-21,U001,Approved,2020-10-03
181,0000066373,,249,67.0,1,1,1,,2020-12-24,2021-01-01,U003,Approved,2021-01-10
182,33-0419992,,272,85.0,2,1,1,,2021-12-10,2021-12-11,U003,Approved,2021-12-18
183,39-1767726,,70,21.0,1,1,1,,2021-03-31,2021-04-07,U001,Approved,2021-04-14
184,36-4327855,,185,185.0,1,1,1,,2021-02-14,2021-02-15,U003,Approved,2021-02-18
185,20-5216358,,493,236.0,3,1,1,,2021-10-10,2021-10-17,U002,Approved,2021-10-29
186,76-0236067,,204,110.0,1,1,1,,2020-11-13,2020-11-16,U002,Approved,2020-11-29
187,0000067541,,420,199.0,1,1,1,,2021-11-07,2021-11-15,U002,Approved,2021-11-23
188,7197000003,,130,54.0,1,1,1,,2020-08-12,2020-08-15,U001,Approved,2020-08-26
189,7056000000,,636,189.0,1,1,1,,2020-08-21,2020-08-22,U003,Approved,2020-09-02
190,7197000003,,115,50.0,1,1,1,,2021-11-14,2021-11-22,U001,Approved,2021-12-02
191,27-3863726,,385,227.0,1,1,1,,2021-10-25,2021-10-28,U003,Approved,2021-11-04
192,0000685676,,230,55.0,4,1,1,,2021-01-08,2021-01-10,U002,Approved,2021-01-13
193,13-6131491,,143,49.0,1,1,1,,2021-11-02,2021-11-03,U001,Approved,2021-11-14
194,7197000003,,60,20.0,1,1,1,,2021-08-30,2021-09-02,U003,Approved,2021-09-05
195,23-2769131,,233,56.0,2,1,1,,2021-04-16,2021-04-18,U003,Approved,2021-04-28
196,0000617677,,117,91.0,1,1,1,,2020-08-20,2020-08-22,U002,Approved,2020-08-29
197,04-2992161,,342,146.0,2,1,1,,2021-11-22,2021-11-28,U001,Approved,2021-12-03
198,7197000003,,137,31.0,1,1,1,,2020-04-22,2020-04-23,U001,Approved,2020-05-06
199,0000006328,,108,104.0,1,1,1,,2021-05-11,2021-05-13,U001,Approved,2021-05-22
200,7197000003,,175,,3,1,1,,2021-03-17,2021-03-23,U002,Approved,2021-04-01
201,77-0158990,,372,98.0,1,1,1,,2021-07-17,2021-07-20,U001,Approved,2021-07-31
202,0000702825,,69,49.0,1,1,1,,2020-09-24,2020-09-28,U002,Approved,2020-10-07
203,0000544652,,76,39.0,1,1,1,,2021-05-24,2021-05-25,U002,Approved,2021-06-09
204,84-1040263,,390,244.0,1,1,1,,2021-01-20,2021-01-28,U002,Approved,2021-02-10
205,7197000003,,417,225.0,1,1,1,,2021-01-21,2021-01-28,U003,Approved,2021-02-02
206,47-0912342,,231,96.0,1,1,1,,2020-04-22,2020-04-29,U001,Approved,2020-05-12
207,0000066638,,133,52.0,1,1,1,,2021-09-04,2021-09-07,U001,Approved,2021-09-22
208,26-0595342,,357,77.0,2,1,1,,2021-09-16,2021-09-26,U002,Approved,2021-10-11
209,0000817824,,59,47.0,1,1,1,,2020-03-21,2020-03-31,U002,Approved,2020-04-03
210,47-3632618,,163,85.0,3,1,1,,2021-11-29,2021-12-02,U001,Approved,2021-12-12
211,26-2261031,,128,43.0,2,1,1,,2020-04-22,2020-04-24,U002,Approved,2020-05-08
212,36-4115595,,582,149.0,1,1,1,,2020-01-02,2020-01-03,U001,Approved,2020-01-08
213,0000451965,,55,3.0,1,1,1,,2021-10-03,2021-10-10,U003,Approved,2021-10-24
214,0000852218,,750,240.0,1,1,1,,2020-08-07,2020-08-14,U002,Approved,2020-08-24
215,75-2921540,,139,46.0,1,1,1,,2021-07-19,2021-07-21,U001,Approved,2021-07-31
216,95-4866828,,266,52.0,2,1,1,,2020-08-12,2020-08-19,U002,Approved,2020-09-03
217,75-2921540,,82,55.0,1,1,1,,2021-01-19,2021-01-27,U001,Approved,2021-02-03
218,06-1341084,,79,28.0,2,1,1,,2021-02-06,2021-02-07,U001,Approved,2021-02-22
219,84-1040263,,493,122.0,2,1,1,,2021-09-29,2021-10-08,U002,Approved,2021-10-22
220,76-0236067,,66,24.0,1,1,1,,2020-05-09,2020-05-16,U003,Approved,2020-05-31
221,7705300001,,326,101.0,1,1,1,,2020-02-22,2020-02-25,U001,Approved,2020-02-28
222,7197000003,,148,59.0,1,1,1,,2021-11-14,2021-11-22,U001,Approved,2021-12-07
223,7505400005,,392,,3,1,1,,2021-12-30,2022-01-06,U001,Approved,2022-01-18
224,20-8921389,,432,84.0,2,1,1,,2021-11-02,2021-11-10,U003,Approved,2021-11-19
225,26-4599244,,100,63.0,1,1,1,,2021-12-10,2021-12-16,U003,Approved,2021-12-30
226,0000451965,,500,314.0,1,1,1,,2021-02-19,2021-02-28,U002,Approved,2021-03-12
227,13-6131491,,136,,2,1,1,,2020-09-03,2020-09-08,U003,Approved,2020-09-15
228,0000016450,,144,140.0,1,1,1,,2021-03-14,2021-03-17,U002,Approved,2021-03-27
229,68-0309242,,271,69.0,1,1,1,,2020-07-21,2020-07-24,U002,Approved,2020-08-04
230,20-1832276,,226,24.0,2,1,1,,2020-07-02,2020-07-03,U003,Approved,2020-07-16
231,01-0726495,,233,52.0,1,1,1,,2020-05-02,2020-05-10,U002,Approved,2020-05-19
232,0000066777,,137,80.0,1,1,1,,2021-02-04,2021-02-06,U003,Approved,2021-02-21
233,54-0259290,,237,115.0,1,1,1,,2020-10-20,2020-10-23,U002,Approved,2020-11-01
234,0000617677,,555,225.0,3,1,1,,2020-10-06,2020-10-14,U003,Approved,2020-10-17
235,0000852218,,117,57.0,1,1,1,,2021-09-01,2021-09-09,U003,Approved,2021-09-15
236,7275700004,,383,198.0,1,1,1,,2020-07-16,2020-07-20,U002,Approved,2020-07-24
237,0000817824,,59,,1,1,1,,2021-05-25,2021-05-29,U001,Approved,2021-06-02
238,7197000003,,416,128.0,1,1,1,,2020-05-23,2020-05-28,U002,Approved,2020-06-01
239,38-2750395,,155,43.0,1,1,1,,2021-08-31,2021-09-06,U003,Approved,2021-09-12
240,76-0503625,,180,58.0,1,1,1,,2020-07-19,2020-07-24,U001,Approved,2020-07-27
241,0000090270,,164,40.0,1,1,1,,2020-05-03,2020-05-10,U002,Approved,2020-05-16
242,20-0304793,,249,24.0,2,1,1,,2020-07-05,2020-07-07,U002,Approved,2020-07-11
243,36-4327855,,264,84.0,1,1,1,,2020-11-21,2020-11-28,U002,Approved,2020-12-05
244,7197000003,,190,52.0,1,1,1,,2021-04-08,2021-04-18,U001,Approved,2021-04-23
245,57-0761331,,236,82.0,2,1,1,,2020-12-14,2020-12-21,U003,Approved,2021-01-04
246,0000817824,,174,97.0,1,1,1,,2021-10-21,2021-10-22,U002,Approved,2021-11-01
247,06-1522806,,382,85.0,1,1,1,,2021-02-06,2021-02-13,U002,Approved,2021-02-19
248,7197000003,,261,56.0,1,1,1,,2020-12-11,2020-12-16,U002,Approved,2020-12-19
249,7197000003,,281,148.0,1,1,1,,2021-05-25,2021-05-28,U002,Approved,2021-05-31
250,7197000003,,409,158.0,1,1,1,,2020-05-26,2020-05-29,U002,Approved,2020-06-12
251,0000917742,,221,134.0,1,1,1,,2020-05-27,2020-05-31,U003,Approved,2020-06-12
252,0000016450,,259,96.0,1,1,1,,2021-12-11,2021-12-13,U003,Approved,2021-12-18
253,26-4599244,,426,,3,1,1,,2021-05-03,2021-05-05,U002,Approved,2021-05-16
254,0000817824,,124,67.0,2,1,1,,2021-10-01,2021-10-02,U001,Approved,2021-10-11
255,0000004735,,320,114.0,1,1,1,,2021-07-04,2021-07-09,U003,Approved,2021-07-13
256,0000476810,,43,67.0,1,1,1,,2020-12-03,2020-12-07,U001,Approved,2020-12-22
257,7197000003,,84,62.0,1,1,1,,2021-10-02,2021-10-12,U003,Approved,2021-10-23
258,7197000003,,433,91.0,1,1,1,,2021-04-17,2021-04-19,U002,Approved,2021-05-01
259,33-0975529,,336,54.0,2,1,1,,2020-05-30,2020-06-02,U003,Approved,2020-06-06
260,20-2355296,,508,97.0,2,1,1,,2021-02-18,2021-02-25,U002,Approved,2021-03-02
261,0000852320,,62,62.0,3,1,1,,2020-10-24,2020-10-31,U003,Approved,2020-11-13
262,0000504713,,192,152.0,1,1,1,,2021-09-02,2021-09-06,U002,Approved,2021-09-21
263,7197000003,,100,84.0,1,1,1,,2020-09-19,2020-09-24,U002,Approved,2020-10-06
264,0471809999,,405,107.0,3,1,1,,2020-05-23,2020-05-28,U002,Approved,2020-06-01
265,80-0233937,,360,87.0,3,1,1,,2020-12-11,2020-12-17,U002,Approved,2020-12-22
266,20-1832276,,325,20.0,2,1,1,,2021-09-15,2021-09-24,U001,Approved,2021-10-02
267,0000703313,,90,144.0,1,1,1,,2021-07-25,2021-07-27,U002,Approved,2021-08-07
268,42-1739728,,98,70.0,1,1,1,,2020-01-02,2020-01-07,U001,Approved,2020-01-18
269,33-0419992,,304,60.0,2,1,1,,2020-10-30,2020-11-02,U001,Approved,2020-11-11
270,36-4327855,,202,66.0,1,1,1,,2020-09-10,2020-09-14,U002,Approved,2020-09-28
271,0000233031,,225,127.0,1,1,1,,2021-10-13,2021-10-23,U001,Approved,2021-10-28
272,26-4599244,,257,,3,1,1,,2021-03-28,2021-04-03,U003,Approved,2021-04-09
273,7197000003,,485,136.0,1,1,1,,2020-02-06,2020-02-14,U002,Approved,2020-02-22
274,31-1690008,,182,104.0,2,1,1,,2020-06-08,2020-06-09,U001,Approved,2020-06-22
275,0000146672,,381,91.0,3,1,1,,2020-01-09,2020-01-19,U002,Approved,2020-01-26
276,7197000003,,86,56.0,2,1,1,,2020-08-20,2020-08-28,U002,Approved,2020-09-01
277,0000617677,,576,118.0,3,1,1,,2020-04-08,2020-04-15,U002,Approved,2020-04-30
278,0000617677,,246,85.0,3,1,1,,2021-10-20,2021-10-21,U001,Approved,2021-10-29
279,0000804963,,104,25.0,2,1,1,,2020-07-26,2020-07-28,U003,Approved,2020-08-02
280,7197000003,,169,91.0,1,1,1,,2020-05-10,2020-05-13,U003,Approved,2020-05-23
281,0000617677,,250,203.0,1,1,1,,2021-02-07,2021-02-08,U001,Approved,2021-02-12
282,62-1859487,,144,60.0,2,1,1,,2020-05-31,2020-06-09,U002,Approved,2020-06-12
283,0000311845,,68,49.0,1,1,1,,2020-02-23,2020-03-02,U001,Approved,2020-03-13
284,0000504713,,420,270.0,1,1,1,,2020-04-29,2020-05-01,U001,Approved,2020-05-15
285,7197000003,,175,86.0,1,1,1,,2021-11-03,2021-11-12,U001,Approved,2021-11-17
286,26-4599244,,375,176.0,1,1,1,,2021-09-19,2021-09-26,U002,Approved,2021-10-09
287,06-1341084,,255,109.0,3,1,1,,2021-08-09,2021-08-18,U001,Approved,2021-08-21
288,7197000003,,99,26.0,1,1,1,,2021-09-16,2021-09-22,U002,Approved,2021-10-01
289,0000001644,,147,223.0,1,1,1,,2021-02-23,2021-03-01,U001,Approved,2021-03-16
290,0000002551,,20,119.0,1,1,1,,2021-02-25,2021-03-01,U003,Approved,2021-03-13
291,20-8549934,,296,85.0,1,1,1,,2020-04-13,2020-04-23,U001,Approved,2020-04-30
292,0000451965,,2200,1885.0,1,1,1,,2020-09-10,2020-09-20,U001,Approved,2020-09-27
293,7197000003,,168,53.0,2,1,1,,2020-08-14,2020-08-16,U003,Approved,2020-08-19
294,47-0912342,,266,,3,1,1,,2020-04-21,2020-04-28,U002,Approved,2020-05-09
295,75-2695327,,280,63.0,2,1,1,,2021-05-24,2021-05-29,U002,Approved,2021-06-07
296,7197000003,,229,86.0,1,1,1,,2021-04-17,2021-04-23,U001,Approved,2021-05-03
297,0000014207,,216,65.0,1,1,1,,2020-04-08,2020-04-10,U003,Approved,2020-04-21
298,75-2921540,,342,79.0,1,1,1,,2020-06-01,2020-06-06,U002,Approved,2020-06-14
299,76-0629353,,202,46.0,1,1,1,,2020-12-03,2020-12-13,U001,Approved,2020-12-27
300,0000019085,,180,183.0,1,1,1,,2021-12-06,2021-12-10,U003,Approved,2021-12-17
301,0000451965,,250,122.0,1,1,1,,2020-06-11,2020-06-20,U002,Approved,2020-06-28
302,7197000003,,112,51.0,2,1,1,,2021-12-20,2021-12-26,U002,Approved,2022-01-08
303,0471809999,,184,47.0,2,1,1,,2021-11-11,2021-11-13,U003,Approved,2021-11-17
304,36-4327855,,165,82.0,1,1,1,,2020-06-09,2020-06-10,U003,Approved,2020-06-16
305,7197000003,,269,66.0,1,1,1,,2021-08-02,2021-08-07,U003,Approved,2021-08-12
306,0000004580,,165,106.0,1,1,1,,2021-02-01,2021-02-10,U003,Approved,2021-02-25
307,23-2769131,,239,62.0,3,1,1,,2020-10-03,2020-10-09,U001,Approved,2020-10-18
308,7197000003,,123,79.0,1,1,1,,2021-05-18,2021-05-28,U003,Approved,2021-06-08
309,0000060717,,75,45.0,1,1,1,,2021-01-26,2021-02-02,U002,Approved,2021-02-09
310,20-2355296,,400,63.0,1,1,1,,2020-05-14,2020-05-19,U002,Approved,2020-05-27
311,20-5239910,,172,53.0,3,1,1,,2020-07-13,2020-07-23,U001,Approved,2020-08-04
312,47-0912342,,258,102.0,3,1,1,,2021-02-04,2021-02-10,U002,Approved,2021-02-24
313,0000000958,,30,51.0,1,1,1,,2021-10-01,2021-10-06,U002,Approved,2021-10-20
314,26-0595342,,199,48.0,3,1,1,,2020-02-02,2020-02-11,U003,Approved,2020-02-15
315,0000062160,,142,70.0,1,1,1,,2021-11-18,2021-11-24,U002,Approved,2021-11-29
316,0000026647,,295,218.0,1,1,1,,2021-04-04,2021-04-12,U001,Approved,2021-04-17
317,26-0595342,,149,59.0,4,1,1,,2021-04-14,2021-04-16,U003,Approved,2021-04-30
318,16-1566654,,173,63.0,3,1,1,,2021-01-09,2021-01-18,U003,Approved,2021-02-01
319,26-0399209,,309,144.0,2,1,1,,2020-01-22,2020-01-27,U001,Approved,2020-02-07
320,7197000003,,215,72.0,1,1,1,,2021-10-31,2021-11-07,U003,Approved,2021-11-16
321,20-8544905,,172,46.0,2,1,1,,2020-02-07,2020-02-17,U003,Approved,2020-02-27
322,7197000003,,121,139.0,2,1,1,,2020-08-17,2020-08-18,U001,Approved,2020-08-31
323,7197000003,,129,56.0,1,1,1,,2020-12-30,2021-01-09,U003,Approved,2021-01-21
324,0870691650,,75,132.0,1,1,1,,2021-07-16,2021-07-21,U001,Approved,2021-08-03
325,7197000003,,115,77.0,1,1,1,,2021-03-13,2021-03-23,U001,Approved,2021-04-03
326,54-1862878,,105,85.0,1,1,1,,2020-10-09,2020-10-11,U002,Approved,2020-10-19
327,80-0233937,,339,109.0,1,1,1,,2020-01-27,2020-02-02,U002,Approved,2020-02-08
328,0000011807,,440,300.0,1,1,1,,2020-08-13,2020-08-14,U003,Approved,2020-08-28
329,0000451965,,144,111.0,1,1,1,,2020-10-03,2020-10-06,U003,Approved,2020-10-09
330,0000060275,,18,22.0,1,1,1,,2021-08-31,2021-09-05,U001,Approved,2021-09-15
331,0000000294,,82,103.0,1,1,1,,2020-10-10,2020-10-14,U003,Approved,2020-10-23
332,7197000003,,102,52.0,2,1,1,,2021-04-25,2021-04-28,U001,Approved,2021-05-02
333,0000002551,,195,123.0,1,1,1,,2021-03-28,2021-04-07,U001,Approved,2021-04-17
334,75-2269700,,84,35.0,1,1,1,,2021-10-20,2021-10-25,U003,Approved,2021-11-08
335,26-0595342,,350,130.0,1,1,1,,2021-05-30,2021-06-07,U001,Approved,2021-06-14
336,0000035014,,160,85.0,1,1,1,,2021-06-30,2021-07-04,U002,Approved,2021-07-13
337,01-0464609,,115,46.0,2,1,1,,2020-07-10,2020-07-11,U003,Approved,2020-07-17
338,7197000003,,510,127.0,1,1,1,,2020-02-18,2020-02-25,U002,Approved,2020-03-03
339,05-0402708,,150,57.0,1,1,1,,2021-05-26,2021-06-03,U003,Approved,2021-06-13
340,0000504713,,145,54.0,1,1,1,,2020-01-17,2020-01-20,U001,Approved,2020-01-23
341,0000068659,,248,129.0,1,1,1,,2020-06-20,2020-06-26,U003,Approved,2020-06-29
342,0000280110,,150,117.0,1,1,1,,2020-08-07,2020-08-09,U002,Approved,2020-08-15
343,7197000003,,402,113.0,2,1,1,,2020-06-06,2020-06-13,U001,Approved,2020-06-18
344,0000019222,,636,340.0,1,1,1,,2021-04-21,2021-04-29,U003,Approved,2021-05-14
345,0000021751,,175,67.0,1,1,1,,2020-02-15,2020-02-21,U003,Approved,2020-03-04
346,36-4327855,,361,159.0,1,1,1,,2021-01-07,2021-01-13,U003,Approved,2021-01-27
347,0000021122,,234,98.0,2,1,1,,2021-06-01,2021-06-06,U002,Approved,2021-06-10
348,0000001354,,123,31.0,2,1,1,,2020-04-08,2020-04-16,U002,Approved,2020-04-30
349,43-1965151,,655,165.0,3,1,1,,2020-02-06,2020-02-07,U003,Approved,2020-02-12
350,0542409990,,208,126.0,2,1,1,,2020-10-06,2020-10-16,U001,Approved,2020-10-29
351,0000852218,,270,84.0,1,1,1,,2020-12-14,2020-12-18,U001,Approved,2020-12-31
352,0000019222,,458,138.0,1,1,1,,2021-05-11,2021-05-15,U002,Approved,2021-05-28
353,0002888798,,167,74.0,3,1,1,,2020-10-28,2020-10-31,U001,Approved,2020-11-03
354,0004186591,,84,,2,1,1,,2020-06-29,2020-07-02,U002,Approved,2020-07-05
355,56-2237729,,291,133.0,1,1,1,,2021-08-29,2021-09-02,U003,Approved,2021-09-10
356,22-3039688,,210,,3,1,1,,2020-04-08,2020-04-09,U002,Approved,2020-04-16
357,0000014775,,40,39.0,1,1,1,,2021-11-30,2021-12-02,U002,Approved,2021-12-12
358,0000476810,,1800,700.0,1,1,1,,2020-04-25,2020-05-04,U003,Approved,2020-05-08
359,0000013264,,129,68.0,1,1,1,,2020-07-09,2020-07-19,U001,Approved,2020-07-25
360,7197000003,,292,114.0,1,1,1,,2020-09-09,2020-09-11,U002,Approved,2020-09-21
361,0471809999,,155,57.0,1,1,1,,2020-06-09,2020-06-14,U002,Approved,2020-06-28
362,7197000003,,90,44.0,1,1,1,,2020-09-12,2020-09-21,U003,Approved,2020-09-29
363,22-3039688,,245,105.0,2,1,1,,2020-11-18,2020-11-27,U001,Approved,2020-11-30
364,38-2750395,,165,56.0,1,1,1,,2020-05-07,2020-05-15,U002,Approved,2020-05-21
365,0000451965,,336,86.0,1,1,1,,2020-01-18,2020-01-19,U003,Approved,2020-01-22
366,0000066834,,124,58.0,1,1,1,,2021-07-19,2021-07-20,U002,Approved,2021-08-04
367,84-0927358,,424,225.0,1,1,1,,2021-07-23,2021-08-01,U003,Approved,2021-08-05
368,7197000003,,253,64.0,1,1,1,,2020-11-18,2020-11-26,U001,Approved,2020-12-03
369,86-1092244,,551,124.0,3,1,1,,2021-11-16,2021-11-26,U001,Approved,2021-12-06
370,36-4327855,,425,204.0,1,1,1,,2021-09-17,2021-09-26,U001,Approved,2021-10-06
371,26-0595342,,300,112.0,1,1,1,,2020-10-14,2020-10-21,U001,Approved,2020-11-03
372,38-2749215,,160,113.0,1,1,1,,2021-10-24,2021-10-27,U002,Approved,2021-11-01
373,0000063194,,190,57.0,1,1,1,,2021-09-30,2021-10-03,U002,Approved,2021-10-16
374,7197000003,,140,95.0,1,1,1,,2020-06-03,2020-06-05,U001,Approved,2020-06-20
375,3827009995,,177,95.0,2,1,1,,2021-05-04,2021-05-09,U001,Approved,2021-05-15
376,7197000003,,548,139.0,1,1,1,,2021-01-20,2021-01-23,U001,Approved,2021-02-04
377,0000619877,,246,86.0,3,1,1,,2020-04-13,2020-04-19,U002,Approved,2020-05-02
378,0000451965,,311,156.0,1,1,1,,2021-01-27,2021-01-29,U001,Approved,2021-02-06
379,26-0021318,,108,33.0,1,1,1,,2020-09-02,2020-09-05,U001,Approved,2020-09-18
380,0000021122,,158,110.0,3,1,1,,2020-06-24,2020-06-29,U001,Approved,2020-07-12
381,77-0158990,,275,91.0,2,1,1,,2020-02-08,2020-02-09,U003,Approved,2020-02-21
382,0002735146,,532,159.0,2,1,1,,2021-04-21,2021-04-22,U001,Approved,2021-04-27
383,26-0595342,,122,57.0,2,1,1,,2021-11-12,2021-11-22,U003,Approved,2021-11-26
384,0000019628,,144,119.0,1,1,1,,2021-06-21,2021-06-30,U003,Approved,2021-07-08
385,0000804963,,666,221.0,1,1,1,,2021-02-11,2021-02-18,U001,Approved,2021-03-03
386,33-0633741,,261,74.0,2,1,1,,2021-06-08,2021-06-09,U003,Approved,2021-06-24
387,0000062514,,308,134.0,1,1,1,,2021-05-20,2021-05-28,U001,Approved,2021-06-04
388,0000852218,,145,56.0,1,1,1,,2020-02-05,2020-02-08,U002,Approved,2020-02-20
389,01-0726495,,175,98.0,1,1,1,,2021-11-15,2021-11-23,U002,Approved,2021-11-30
390,0000024563,,120,55.0,1,1,1,,2020-01-20,2020-01-25,U002,Approved,2020-02-06
391,0000852218,,226,50.0,1,1,1,,2020-11-16,2020-11-17,U002,Approved,2020-12-02
392,7568300002,,262,97.0,1,1,1,,2021-05-26,2021-06-02,U003,Approved,2021-06-09
393,61-1392032,,183,90.0,2,1,1,,2021-02-03,2021-02-08,U001,Approved,2021-02-20
394,0003303298,,369,132.0,1,1,1,,2021-10-15,2021-10-21,U001,Approved,2021-11-04
395,0000005854,,60,63.0,1,1,1,,2021-04-15,2021-04-21,U001,Approved,2021-04-28
396,0000112837,,160,75.0,1,1,1,,2020-05-22,2020-05-30,U002,Approved,2020-06-04
397,95-4866828,,260,49.0,1,1,1,,2020-04-01,2020-04-10,U002,Approved,2020-04-19
398,7197000003,,459,350.0,1,1,1,,2020-12-19,2020-12-21,U001,Approved,2020-12-29
399,27-4370581,,91,34.0,1,1,1,,2021-12-27,2022-01-05,U002,Approved,2022-01-11
400,0000016450,,78,39.0,1,1,1,,2020-02-20,2020-03-01,U001,Approved,2020-03-05
401,0000035095,,186,43.0,1,1,1,,2021-10-26,2021-11-04,U001,Approved,2021-11-18
402,7197000003,,209,57.0,3,1,1,,2021-11-28,2021-12-08,U001,Approved,2021-12-19
403,0000068671,,172,51.0,1,1,1,,2021-07-28,2021-08-07,U001,Approved,2021-08-10
404,0000527954,,238,74.0,1,1,1,,2020-07-08,2020-07-15,U001,Approved,2020-07-30
405,47-0933090,,371,133.0,2,1,1,,2020-05-04,2020-05-05,U001,Approved,2020-05-20
406,0002888798,,213,129.0,3,1,1,,2020-05-29,2020-06-05,U001,Approved,2020-06-18
407,0000619877,,345,112.0,3,1,1,,2020-11-09,2020-11-19,U002,Approved,2020-11-25
408,22-3039688,,122,,2,1,1,,2021-07-23,2021-07-28,U001,Approved,2021-07-31
409,0000024080,,242,91.0,1,1,1,,2020-12-07,2020-12-13,U001,Approved,2020-12-28
410,26-4599244,,211,58.0,2,1,1,,2020-10-31,2020-11-10,U002,Approved,2020-11-18
411,0000008120,,58,33.0,1,1,1,,2021-11-22,2021-11-29,U002,Approved,2021-12-05
412,7197000003,,197,113.0,1,1,1,,2021-11-12,2021-11-17,U002,Approved,2021-11-24
413,36-4176531,,323,137.0,1,1,1,,2020-02-23,2020-03-01,U001,Approved,2020-03-08
414,0000852218,,480,243.0,1,1,1,,2021-03-19,2021-03-28,U003,Approved,2021-04-08
415,33-0975529,,296,98.0,2,1,1,,2021-09-04,2021-09-07,U003,Approved,2021-09-10
416,7992700007,,560,234.0,1,1,1,,2020-09-20,2020-09-28,U002,Approved,2020-10-13
417,20-8745846,,138,,4,1,1,,2020-02-22,2020-02-24,U003,Approved,2020-02-28
418,7197000003,,281,65.0,1,1,1,,2021-07-25,2021-08-01,U002,Approved,2021-08-16
419,0000068413,,130,86.0,1,1,1,,2021-09-11,2021-09-13,U001,Approved,2021-09-21
420,05-0402708,,178,70.0,1,1,1,,2020-01-05,2020-01-09,U003,Approved,2020-01-16
421,41-1795868,,49,53.0,1,1,1,,2020-04-12,2020-04-19,U001,Approved,2020-05-02
422,33-0941669,,348,90.0,1,1,1,,2020-07-14,2020-07-17,U003,Approved,2020-07-26
423,54-0259290,,179,100.0,1,1,1,,2020-12-15,2020-12-17,U001,Approved,2020-12-22
424,0000001367,,1308,558.0,1,1,1,,2020-02-16,2020-02-26,U003,Approved,2020-03-02
425,0000003654,,220,126.0,1,1,1,,2021-10-17,2021-10-24,U001,Approved,2021-11-05
426,0000852218,,400,91.0,1,1,1,,2020-09-25,2020-09-26,U001,Approved,2020-09-30
427,3453209991,,222,128.0,1,1,1,,2021-01-04,2021-01-12,U003,Approved,2021-01-27
428,0000058348,,408,196.0,1,1,1,,2021-09-27,2021-09-30,U001,Approved,2021-10-05
429,13-6131491,,247,53.0,1,1,1,,2020-04-15,2020-04-17,U001,Approved,2020-04-29
430,33-0419992,,200,65.0,1,1,1,,2021-10-31,2021-11-03,U001,Approved,2021-11-06
431,54-1994393,,305,,3,1,1,,2021-10-20,2021-10-25,U003,Approved,2021-11-01
432,0000817824,,375,231.0,3,1,1,,2021-10-18,2021-10-26,U003,Approved,2021-11-09
433,20-8693961,,213,150.0,1,1,1,,2020-04-29,2020-05-09,U001,Approved,2020-05-16
434,20-0378305,,166,31.0,1,1,1,,2021-08-26,2021-09-02,U001,Approved,2021-09-16
435,0000299046,,110,73.0,1,1,1,,2020-02-27,2020-03-05,U003,Approved,2020-03-18
436,75-2921540,,247,,1,1,1,,2020-12-11,2020-12-18,U003,Approved,2020-12-27
437,62-1259997,,262,179.0,1,1,1,,2021-04-18,2021-04-26,U001,Approved,2021-05-02
438,0000339858,,264,98.0,1,1,1,,2020-04-26,2020-04-27,U001,Approved,2020-05-02
439,0000480228,,255,106.0,1,1,1,,2020-05-06,2020-05-10,U001,Approved,2020-05-13
440,7197000003,,117,138.0,1,1,1,,2021-01-27,2021-02-02,U002,Approved,2021-02-16
441,7992700007,,204,59.0,2,1,1,,2021-10-02,2021-10-11,U003,Approved,2021-10-21
442,0000066865,,50,62.0,1,1,1,,2020-02-27,2020-02-29,U002,Approved,2020-03-15
443,0000005854,,128,62.0,1,1,1,,2021-09-25,2021-09-26,U003,Approved,2021-10-01
444,7811300008,,151,59.0,2,1,1,,2021-05-27,2021-06-06,U003,Approved,2021-06-21
445,37-1493496,,386,99.0,2,1,1,,2020-04-05,2020-04-07,U003,Approved,2020-04-11
446,0000011307,,168,146.0,1,1,1,,2021-09-29,2021-10-06,U003,Approved,2021-10-19
447,26-1717830,,145,38.0,1,1,1,,2020-04-27,2020-04-30,U003,Approved,2020-05-06
448,37-1542226,,451,82.0,1,1,1,,2021-07-13,2021-07-23,U003,Approved,2021-07-28
449,75-2921540,,315,58.0,1,1,1,,2021-08-23,2021-08-25,U003,Approved,2021-09-09
450,0000066834,,183,89.0,1,1,1,,2021-05-02,2021-05-09,U002,Approved,2021-05-12
451,7197000003,,87,51.0,1,1,1,,2020-08-24,2020-08-26,U001,Approved,2020-08-31
452,54-2024584,,261,70.0,1,1,1,,2020-09-28,2020-10-01,U001,Approved,2020-10-15
453,0000058127,,236,105.0,1,1,1,,2020-07-07,2020-07-14,U002,Approved,2020-07-18
454,13-6131491,,238,87.0,1,1,1,,2021-12-04,2021-12-08,U002,Approved,2021-12-18
455,72-1545376,,101,23.0,1,1,1,,2021-03-22,2021-03-23,U002,Approved,2021-03-31
456,7197000003,,109,,2,1,1,,2021-08-03,2021-08-08,U002,Approved,2021-08-19
457,26-4599244,,277,149.0,1,1,1,,2020-09-03,2020-09-12,U003,Approved,2020-09-22
458,0000542528,,80,55.0,1,1,1,,2020-03-16,2020-03-24,U001,Approved,2020-04-05
459,27-0349391,,229,76.0,3,1,1,,2020-06-02,2020-06-11,U003,Approved,2020-06-16
460,0000619877,,238,91.0,1,1,1,,2021-10-17,2021-10-27,U001,Approved,2021-11-03
461,0000761806,,25,23.0,1,1,1,,2021-03-10,2021-03-19,U001,Approved,2021-03-28
462,43-0889809,,137,84.0,2,1,1,,2020-03-26,2020-04-02,U002,Approved,2020-04-09
463,13-3753941,,236,81.0,2,1,1,,2021-11-27,2021-12-01,U003,Approved,2021-12-11
464,7197000003,,114,79.0,1,1,1,,2020-10-11,2020-10-16,U002,Approved,2020-10-30
465,0000024693,,100,50.0,1,1,1,,2020-08-07,2020-08-08,U003,Approved,2020-08-15
466,02-0486480,,424,160.0,2,1,1,,2020-03-09,2020-03-10,U001,Approved,2020-03-13
467,38-2434249,,131,67.0,1,1,1,,2020-02-16,2020-02-19,U002,Approved,2020-02-26
468,7197000003,,137,93.0,2,1,1,,2020-04-03,2020-04-11,U002,Approved,2020-04-17
469,26-1117897,,368,89.0,3,1,1,,2021-03-28,2021-03-30,U001,Approved,2021-04-07
470,0000065728,,224,97.0,1,1,1,,2020-07-22,2020-07-26,U001,Approved,2020-07-31
471,38-2750395,,417,241.0,1,1,1,,2020-08-05,2020-08-07,U001,Approved,2020-08-20
472,47-3632618,,212,76.0,1,1,1,,2021-04-18,2021-04-23,U002,Approved,2021-04-30
473,0000024107,,273,104.0,1,1,1,,2021-03-07,2021-03-16,U003,Approved,2021-03-20
474,84-1040263,,389,144.0,1,1,1,,2020-12-06,2020-12-07,U002,Approved,2020-12-20
475,0000002515,,267,52.0,1,1,1,,2021-07-04,2021-07-09,U003,Approved,2021-07-17
476,1746800001,,214,75.0,2,1,1,,2021-09-03,2021-09-12,U002,Approved,2021-09-27
477,57-1175755,,315,90.0,1,1,1,,2020-10-15,2020-10-16,U002,Approved,2020-10-30
478,0000066652,,95,37.0,1,1,1,,2020-09-10,2020-09-19,U001,Approved,2020-09-27
479,13-6131491,,152,33.0,2,1,1,,2020-12-22,2020-12-30,U003,Approved,2021-01-06
480,2149009991,,277,77.0,3,1,1,,2020-01-23,2020-01-27,U002,Approved,2020-02-04
481,0000456045,,113,36.0,4,1,1,,2021-06-05,2021-06-15,U002,Approved,2021-06-28
482,7197000003,,153,49.0,1,1,1,,2020-04-09,2020-04-14,U001,Approved,2020-04-23
483,20-5041532,,488,137.0,1,1,1,,2020-06-28,2020-07-03,U001,Approved,2020-07-17
484,26-0362771,,196,,3,1,1,,2020-08-10,2020-08-16,U003,Approved,2020-08-23
485,0000451965,,158,67.0,1,1,1,,2021-10-20,2021-10-27,U002,Approved,2021-10-30
486,01-0726495,,152,37.0,2,1,1,,2021-03-17,2021-03-25,U003,Approved,2021-04-04
487,38-2750395,,174,37.0,1,1,1,,2021-08-30,2021-09-07,U002,Approved,2021-09-13
488,0000002551,,67,59.0,1,1,1,,2020-11-20,2020-11-22,U003,Approved,2020-12-03
489,84-0927358,,268,57.0,1,1,1,,2021-05-30,2021-06-08,U001,Approved,2021-06-20
490,0000917742,,503,188.0,1,1,1,,2020-01-16,2020-01-23,U002,Approved,2020-02-06
491,7197000003,,312,82.0,1,1,1,,2020-12-01,2020-12-05,U003,Approved,2020-12-13
492,0000034618,,215,52.0,1,1,1,,2020-09-14,2020-09-18,U001,Approved,2020-09-21
493,0000015969,,266,102.0,1,1,1,,2021-05-11,2021-05-19,U001,Approved,2021-05-24
494,26-4599244,,439,143.0,1,1,1,,2020-06-08,2020-06-12,U003,Approved,2020-06-17
495,36-4327855,,376,108.0,1,1,1,,2021-04-19,2021-04-25,U002,Approved,2021-05-07
496,42-1739728,,109,41.0,1,1,1,,2021-10-25,2021-10-30,U002,Approved,2021-11-13
497,0000700450,,240,127.0,1,1,1,,2021-11-20,2021-11-23,U001,Approved,2021-12-07
498,20-8921389,,353,81.0,2,1,1,,2021-11-05,2021-11-15,U002,Approved,2021-11-21
499,0000451965,,122,114.0,1,1,1,,2021-01-14,2021-01-16,U002,Approved,2021-01-24
500,0000504713,,150,138.0,1,1,1,,2021-06-28,2021-07-07,U002,Approved,2021-07-16
501,7811300008,,127,45.0,1,1,1,,2021-11-21,2021-12-01,U001,Approved,2021-12-13
502,7505400005,,432,215.0,2,1,1,,2021-03-02,2021-03-11,U003,Approved,2021-03-17
503,20-2408098,,228,76.0,1,1,1,,2021-09-04,2021-09-05,U002,Approved,2021-09-13
504,0000959395,,339,167.0,1,1,1,,2020-09-24,2020-10-04,U001,Approved,2020-10-17
505,0000480228,,75,75.0,1,1,1,,2021-07-30,2021-08-02,U001,Approved,2021-08-05
506,0000480228,,253,262.0,1,1,1,,2021-02-20,2021-02-28,U003,Approved,2021-03-10
507,0000004284,,225,90.0,1,1,1,,2020-06-16,2020-06-22,U002,Approved,2020-07-01
508,0000067664,,111,47.0,1,1,1,,2020-02-12,2020-02-17,U002,Approved,2020-03-01
509,0000068659,,170,76.0,1,1,1,,2021-07-09,2021-07-14,U003,Approved,2021-07-27
510,0471809999,,203,92.0,1,1,1,,2020-10-11,2020-10-17,U003,Approved,2020-10-28
511,7197000003,,294,127.0,1,1,1,,2021-01-31,2021-02-07,U001,Approved,2021-02-12
512,0000451965,,255,78.0,1,1,1,,2020-01-12,2020-01-13,U001,Approved,2020-01-17
513,45-2481499,,225,48.0,3,1,1,,2021-08-29,2021-09-07,U003,Approved,2021-09-10
514,20-1832276,,199,33.0,2,1,1,,2020-10-28,2020-10-31,U002,Approved,2020-11-05
515,0000066848,,141,86.0,1,1,1,,2020-09-09,2020-09-13,U001,Approved,2020-09-20
516,7197000003,,89,109.0,2,1,1,,2021-05-13,2021-05-23,U001,Approved,2021-06-05
517,0000024693,,221,96.0,1,1,1,,2020-02-04,2020-02-05,U002,Approved,2020-02-09
518,43-1965151,,286,70.0,3,1,1,,2021-12-27,2022-01-06,U001,Approved,2022-01-20
519,43-1965151,,129,55.0,3,1,1,,2020-03-30,2020-04-02,U002,Approved,2020-04-07
520,0002888798,,310,72.0,1,1,1,,2021-08-27,2021-08-29,U002,Approved,2021-09-04
521,23-2470039,,207,87.0,2,1,1,,2021-08-24,2021-08-26,U002,Approved,2021-09-04
522,23-2769131,,338,137.0,2,1,1,,2021-02-21,2021-02-22,U003,Approved,2021-03-09
523,0000021717,,83,64.0,4,1,1,,2020-04-24,2020-05-02,U003,Approved,2020-05-07
524,48-1236121,,137,32.0,2,1,1,,2021-09-08,2021-09-11,U003,Approved,2021-09-22
525,0000002221,,201,34.0,1,1,1,,2020-07-14,2020-07-17,U002,Approved,2020-07-27
526,0000852218,,364,120.0,1,1,1,,2021-05-15,2021-05-21,U002,Approved,2021-05-27
527,13-6131491,,143,95.0,1,1,1,,2021-09-17,2021-09-25,U003,Approved,2021-10-10
528,0000619877,,286,245.0,3,1,1,,2021-05-07,2021-05-16,U001,Approved,2021-05-19
529,0000706809,,347,181.0,1,1,1,,2020-03-15,2020-03-24,U002,Approved,2020-03-27
530,84-1040263,,424,133.0,1,1,1,,2021-02-16,2021-02-20,U001,Approved,2021-02-23
531,7197000003,,108,55.0,1,1,1,,2021-01-10,2021-01-15,U001,Approved,2021-01-18
532,0000021717,,270,122.0,1,1,1,,2021-02-23,2021-02-25,U002,Approved,2021-03-07
533,26-4599244,,190,46.0,2,1,1,,2021-12-29,2022-01-07,U002,Approved,2022-01-12
534,0000451965,,345,135.0,1,1,1,,2020-10-03,2020-10-11,U001,Approved,2020-10-19
535,0000058509,,450,180.0,1,1,1,,2021-11-06,2021-11-09,U001,Approved,2021-11-14
536,0000066703,,202,68.0,1,1,1,,2021-01-28,2021-02-06,U003,Approved,2021-02-19
537,0000451965,,1236,216.0,1,1,1,,2021-04-01,2021-04-04,U003,Approved,2021-04-11
538,0000020078,,1120,567.0,1,1,1,,2020-07-10,2020-07-19,U002,Approved,2020-08-03
539,0000852218,,107,69.0,1,1,1,,2021-11-19,2021-11-21,U003,Approved,2021-12-06
540,0000480228,,136,97.0,1,1,1,,2020-04-08,2020-04-18,U003,Approved,2020-04-27
541,48-1148159,,120,31.0,2,1,1,,2021-07-01,2021-07-10,U003,Approved,2021-07-14
542,01-0464609,,223,59.0,2,1,1,,2020-04-05,2020-04-13,U003,Approved,2020-04-21
543,0000656733,,141,63.0,1,1,1,,2021-10-25,2021-11-03,U001,Approved,2021-11-18
544,7197000003,,343,69.0,2,1,1,,2021-10-24,2021-10-29,U002,Approved,2021-11-06
545,54-0259290,,214,48.0,1,1,1,,2020-07-08,2020-07-10,U003,Approved,2020-07-23
546,38-2750395,,574,374.0,1,1,1,,2020-02-06,2020-02-14,U001,Approved,2020-02-19
547,0000063194,,224,62.0,1,1,1,,2021-01-03,2021-01-09,U001,Approved,2021-01-17
548,0000060058,,269,189.0,1,1,1,,2021-11-25,2021-12-03,U001,Approved,2021-12-15
549,0000123646,,315,145.0,1,1,1,,2021-06-08,2021-06-13,U003,Approved,2021-06-25
550,0002182786,,1875,925.0,1,1,1,,2020-10-05,2020-10-15,U003,Approved,2020-10-22
551,0000480228,,156,59.0,1,1,1,,2020-08-04,2020-08-06,U002,Approved,2020-08-20
552,0002888798,,110,75.0,1,1,1,,2020-09-29,2020-10-05,U003,Approved,2020-10-09
553,33-0175937,,191,68.0,2,1,1,,2020-03-02,2020-03-07,U003,Approved,2020-03-18
554,20-0378305,,202,112.0,1,1,1,,2021-08-18,2021-08-23,U001,Approved,2021-09-02
555,0000013303,,301,175.0,3,1,1,,2021-12-29,2021-12-30,U002,Approved,2022-01-04
556,0000656733,,271,94.0,1,1,1,,2020-12-07,2020-12-09,U003,Approved,2020-12-19
557,0000008663,,166,51.0,1,1,1,,2021-01-31,2021-02-08,U003,Approved,2021-02-19
558,47-0912342,,329,74.0,1,1,1,,2021-11-29,2021-12-02,U001,Approved,2021-12-07
559,0000451965,,310,214.0,1,1,1,,2020-01-19,2020-01-29,U001,Approved,2020-02-03
560,7197000003,,198,100.0,1,1,1,,2020-06-25,2020-06-28,U003,Approved,2020-07-02
561,0000057369,,379,205.0,1,1,1,,2021-09-03,2021-09-11,U002,Approved,2021-09-21
562,0000852218,,810,281.0,1,1,1,,2021-01-30,2021-02-07,U002,Approved,2021-02-19
563,43-1965151,,250,93.0,3,1,1,,2021-03-20,2021-03-22,U001,Approved,2021-03-25
564,20-1832276,,46,14.0,2,1,1,,2020-08-20,2020-08-28,U001,Approved,2020-09-07
565,7197000003,,408,107.0,1,1,1,,2020-03-16,2020-03-17,U003,Approved,2020-03-26
566,0000451965,,376,,1,1,1,,2020-09-21,2020-09-27,U001,Approved,2020-10-06
567,0471809999,,1120,256.0,1,1,1,,2021-03-30,2021-04-07,U003,Approved,2021-04-12
568,0000480228,,151,38.0,1,1,1,,2021-12-18,2021-12-21,U002,Approved,2021-12-24
569,36-4115595,,336,119.0,1,1,1,,2021-01-18,2021-01-26,U002,Approved,2021-02-01
570,31-1076317,,294,224.0,1,1,1,,2021-07-17,2021-07-18,U003,Approved,2021-07-29
571,0000060269,,250,54.0,1,1,1,,2021-05-20,2021-05-29,U001,Approved,2021-06-05
572,0000004365,,240,57.0,1,1,1,,2021-01-01,2021-01-10,U002,Approved,2021-01-13
573,34-2000096,,205,42.0,1,1,1,,2020-05-23,2020-05-28,U001,Approved,2020-06-04
574,7197000003,,134,41.0,1,1,1,,2020-03-09,2020-03-19,U002,Approved,2020-04-03
575,0000451965,,390,284.0,1,1,1,,2020-04-08,2020-04-12,U003,Approved,2020-04-22
576,7197000003,,249,53.0,1,1,1,,2021-01-30,2021-02-05,U003,Approved,2021-02-15
577,26-1334020,,340,76.0,3,1,1,,2020-01-25,2020-02-01,U003,Approved,2020-02-08
578,45-5349650,,132,87.0,2,1,1,,2021-04-13,2021-04-18,U002,Approved,2021-05-02
579,0000817824,,75,51.0,1,1,1,,2021-04-28,2021-05-08,U001,Approved,2021-05-19
580,23-2769131,,314,86.0,2,1,1,,2021-07-18,2021-07-27,U001,Approved,2021-07-30
581,31-1690008,,189,87.0,3,1,1,,2020-05-30,2020-06-02,U001,Approved,2020-06-08
582,0000024563,,140,156.0,1,1,1,,2020-05-23,2020-05-30,U002,Approved,2020-06-04
583,26-3249727,,310,85.0,1,1,1,,2021-07-22,2021-08-01,U002,Approved,2021-08-05
584,0000617677,,322,185.0,3,1,1,,2020-02-08,2020-02-18,U002,Approved,2020-02-28
585,7257500009,,69,31.0,2,1,1,,2020-04-18,2020-04-23,U002,Approved,2020-05-02
586,0000619877,,157,78.0,3,1,1,,2021-11-23,2021-11-30,U002,Approved,2021-12-11
587,7442300004,,319,76.0,1,1,1,,2020-02-11,2020-02-13,U001,Approved,2020-02-17
588,14-1770243,,257,124.0,1,1,1,,2020-07-04,2020-07-08,U002,Approved,2020-07-14
589,76-0236067,,294,110.0,1,1,1,,2021-02-01,2021-02-03,U002,Approved,2021-02-11
590,0000619877,,144,71.0,1,1,1,,2020-08-10,2020-08-17,U001,Approved,2020-08-30
591,0542409990,,241,78.0,1,1,1,,2021-09-25,2021-09-27,U002,Approved,2021-10-02
592,26-2261031,,431,185.0,1,1,1,,2020-05-12,2020-05-13,U001,Approved,2020-05-23
593,41-1914032,,100,35.0,1,1,1,,2020-06-11,2020-06-20,U001,Approved,2020-06-25
594,0002888798,,219,110.0,1,1,1,,2020-08-02,2020-08-03,U003,Approved,2020-08-17
595,7197000003,,271,234.0,1,1,1,,2020-08-22,2020-08-30,U003,Approved,2020-09-14
596,7635500004,,166,40.0,2,1,1,,2021-10-19,2021-10-21,U003,Approved,2021-11-05
597,45-5510883,,180,,3,1,1,,2021-08-10,2021-08-18,U003,Approved,2021-08-22
598,0000066865,,345,113.0,1,1,1,,2020-01-09,2020-01-12,U002,Approved,2020-01-27
599,0004186591,,189,68.0,1,1,1,,2020-03-14,2020-03-20,U003,Approved,2020-04-04
600,0000019222,,192,61.0,1,1,1,,2021-05-06,2021-05-09,U001,Approved,2021-05-14
601,0000852218,,168,89.0,1,1,1,,2020-09-09,2020-09-16,U002,Approved,2020-09-29
602,27-4023565,,115,,3,1,1,,2020-08-17,2020-08-27,U003,Approved,2020-09-04
603,0000013790,,172,54.0,1,1,1,,2021-06-02,2021-06-11,U001,Approved,2021-06-15
604,7197000003,,76,41.0,1,1,1,,2020-06-22,2020-06-24,U002,Approved,2020-07-04
605,26-4599244,,142,50.0,1,1,1,,2021-10-14,2021-10-19,U002,Approved,2021-10-22
606,7197000003,,327,59.0,1,1,1,,2020-06-16,2020-06-22,U003,Approved,2020-07-01
607,0000023922,,131,,3,1,1,,2020-06-18,2020-06-22,U002,Approved,2020-06-26
608,0003303298,,175,208.0,1,1,1,,2021-01-27,2021-01-31,U001,Approved,2021-02-12
609,0000018190,,235,72.0,1,1,1,,2021-09-25,2021-09-29,U002,Approved,2021-10-13
610,36-4327855,,126,66.0,1,1,1,,2020-07-12,2020-07-14,U001,Approved,2020-07-22
611,62-1259997,,84,50.0,4,1,1,,2021-05-31,2021-06-04,U002,Approved,2021-06-18
612,7197000003,,209,64.0,1,1,1,,2020-01-29,2020-01-30,U003,Approved,2020-02-03
613,0004186591,,161,54.0,4,1,1,,2020-06-13,2020-06-19,U001,Approved,2020-06-23
614,7197000003,,270,141.0,1,1,1,,2021-02-25,2021-02-26,U002,Approved,2021-03-10
615,04-2876549,,488,197.0,1,1,1,,2020-12-04,2020-12-14,U002,Approved,2020-12-29
616,47-0912342,,247,50.0,1,1,1,,2021-10-09,2021-10-15,U002,Approved,2021-10-25
617,0000146672,,93,45.0,2,1,1,,2021-05-10,2021-05-11,U001,Approved,2021-05-25
618,0000032296,,319,243.0,1,1,1,,2020-12-30,2021-01-05,U001,Approved,2021-01-09
619,0000817824,,61,19.0,1,1,1,,2020-12-07,2020-12-17,U001,Approved,2020-12-26
620,77-0605392,,237,81.0,2,1,1,,2021-05-14,2021-05-22,U003,Approved,2021-05-27
621,87-0623581,,325,72.0,1,1,1,,2021-10-18,2021-10-20,U003,Approved,2021-10-30
622,44-0607186,,133,61.0,2,1,1,,2021-05-25,2021-05-27,U001,Approved,2021-06-05
623,45-4889921,,378,133.0,1,1,1,,2020-11-22,2020-11-26,U002,Approved,2020-12-06
624,0000066652,,123,104.0,1,1,1,,2020-08-04,2020-08-07,U003,Approved,2020-08-16
625,86-0860478,,319,87.0,3,1,1,,2020-10-27,2020-10-31,U001,Approved,2020-11-13
626,0000097069,,524,,1,1,1,,2020-05-11,2020-05-18,U002,Approved,2020-05-26
627,0000067132,,185,45.0,1,1,1,,2020-03-10,2020-03-11,U003,Approved,2020-03-26
628,0000066328,,86,75.0,1,1,1,,2020-09-08,2020-09-14,U002,Approved,2020-09-23
629,7197000003,,163,60.0,1,1,1,,2021-02-18,2021-02-21,U002,Approved,2021-02-28
630,48-1236121,,98,39.0,2,1,1,,2021-03-20,2021-03-30,U002,Approved,2021-04-08
631,62-1532940,,244,100.0,1,1,1,,2020-06-30,2020-07-07,U002,Approved,2020-07-10
632,0000480228,,147,55.0,1,1,1,,2020-06-15,2020-06-25,U003,Approved,2020-06-28
633,0000233031,,174,65.0,2,1,1,,2020-03-31,2020-04-02,U003,Approved,2020-04-13
634,73-1577221,,265,84.0,2,1,1,,2021-12-14,2021-12-16,U003,Approved,2021-12-23
635,0000656733,,100,49.0,1,1,1,,2021-06-14,2021-06-18,U001,Approved,2021-07-03
636,7197000003,,180,81.0,1,1,1,,2020-02-08,2020-02-09,U003,Approved,2020-02-16
637,7197000003,,65,37.0,2,1,1,,2020-05-05,2020-05-08,U002,Approved,2020-05-13
638,7197000003,,152,54.0,1,1,1,,2021-03-26,2021-04-04,U003,Approved,2021-04-11
639,0000878898,,99,148.0,1,1,1,,2020-06-21,2020-06-28,U002,Approved,2020-07-03
640,0000066642,,25,162.0,1,1,1,,2021-10-14,2021-10-21,U001,Approved,2021-11-01
641,26-0595342,,101,20.0,1,1,1,,2020-08-07,2020-08-11,U002,Approved,2020-08-22
642,36-3987946,,382,155.0,1,1,1,,2021-09-29,2021-10-01,U002,Approved,2021-10-09
643,59-2472569,,156,42.0,1,1,1,,2020-02-27,2020-03-02,U002,Approved,2020-03-05
644,0000451965,,163,62.0,1,1,1,,2021-10-21,2021-10-27,U001,Approved,2021-11-05
645,86-0860478,,248,157.0,1,1,1,,2021-04-20,2021-04-23,U003,Approved,2021-05-02
646,0000480228,,29,21.0,1,1,1,,2021-03-31,2021-04-01,U003,Approved,2021-04-13
647,23-2470039,,139,61.0,2,1,1,,2020-12-26,2021-01-03,U001,Approved,2021-01-15
648,41-1795868,,133,86.0,1,1,1,,2020-01-01,2020-01-06,U002,Approved,2020-01-12
649,26-4599244,,175,47.0,1,1,1,,2021-01-21,2021-01-26,U003,Approved,2021-02-05
650,7197000003,,113,40.0,3,1,1,,2020-12-13,2020-12-17,U001,Approved,2020-12-25
651,0000067270,,60,28.0,1,1,1,,2020-07-08,2020-07-14,U003,Approved,2020-07-20
652,7197000003,,194,128.0,2,1,1,,2021-05-19,2021-05-22,U001,Approved,2021-05-28
653,01-0464609,,172,79.0,2,1,1,,2020-07-09,2020-07-18,U002,Approved,2020-07-22
654,7197000003,,350,102.0,1,1,1,,2021-05-22,2021-05-27,U003,Approved,2021-05-31
655,0000005588,,168,160.0,1,1,1,,2021-01-03,2021-01-06,U001,Approved,2021-01-20
656,0003150447,,260,53.0,1,1,1,,2021-02-12,2021-02-13,U003,Approved,2021-02-19
657,0000024692,,71,54.0,1,1,1,,2020-04-26,2020-05-06,U003,Approved,2020-05-13
658,56-2471041,,520,147.0,2,1,1,,2020-05-13,2020-05-19,U003,Approved,2020-05-29
659,0000504713,,135,70.0,1,1,1,,2020-02-27,2020-02-29,U003,Approved,2020-03-08
660,62-1532940,,130,156.0,1,1,1,,2021-07-09,2021-07-12,U001,Approved,2021-07-18
661,84-1594306,,172,48.0,2,1,1,,2021-11-15,2021-11-16,U002,Approved,2021-12-01
662,20-3702275,,576,190.0,1,1,1,,2021-11-02,2021-11-11,U001,Approved,2021-11-24
663,7056000000,,323,90.0,1,1,1,,2020-06-21,2020-06-29,U001,Approved,2020-07-08
664,46-2738255,,187,50.0,2,1,1,,2020-05-28,2020-05-30,U001,Approved,2020-06-09
665,06-1341084,,182,98.0,1,1,1,,2020-03-20,2020-03-28,U002,Approved,2020-04-01
666,0000852218,,266,109.0,1,1,1,,2020-07-31,2020-08-09,U003,Approved,2020-08-23
667,76-0236067,,301,89.0,3,1,1,,2020-07-21,2020-07-22,U003,Approved,2020-07-31
668,7197000003,,111,54.0,2,1,1,,2020-08-16,2020-08-21,U003,Approved,2020-08-25
669,0000451965,,356,107.0,1,1,1,,2021-11-06,2021-11-14,U002,Approved,2021-11-18
670,0000708028,,216,65.0,1,1,1,,2020-08-14,2020-08-16,U003,Approved,2020-08-26
671,0000852218,,105,55.0,1,1,1,,2021-10-20,2021-10-24,U002,Approved,2021-10-28
672,36-4327855,,275,172.0,1,1,1,,2021-06-15,2021-06-22,U003,Approved,2021-07-05
673,0000915878,,114,74.0,1,1,1,,2021-03-16,2021-03-19,U003,Approved,2021-03-30
674,2317700005,,120,48.0,3,1,1,,2021-02-05,2021-02-10,U001,Approved,2021-02-24
675,0003467828,,91,41.0,2,1,1,,2020-02-16,2020-02-24,U002,Approved,2020-02-27
676,0000004239,,472,114.0,1,1,1,,2020-08-20,2020-08-30,U001,Approved,2020-09-10
677,54-1874129,,282,77.0,1,1,1,,2020-10-31,2020-11-03,U001,Approved,2020-11-06
678,7197000003,,183,58.0,1,1,1,,2021-06-09,2021-06-13,U001,Approved,2021-06-25
679,3027509990,,153,110.0,1,1,1,,2020-05-22,2020-05-31,U002,Approved,2020-06-15
680,0000068659,,200,170.0,1,1,1,,2021-02-18,2021-02-25,U002,Approved,2021-03-09
681,76-0503625,,83,41.0,2,1,1,,2021-05-27,2021-05-28,U003,Approved,2021-06-01
682,11-3412303,,412,159.0,2,1,1,,2021-01-07,2021-01-11,U001,Approved,2021-01-19
683,0000527954,,180,73.0,3,1,1,,2021-07-19,2021-07-23,U003,Approved,2021-07-31
684,7197000003,,76,37.0,1,1,1,,2020-09-15,2020-09-24,U001,Approved,2020-09-27
685,13-6131491,,136,49.0,2,1,1,,2021-10-17,2021-10-23,U002,Approved,2021-11-01
686,0000617677,,501,75.0,3,1,1,,2021-04-15,2021-04-24,U002,Approved,2021-05-04
687,0000451965,,423,149.0,1,1,1,,2020-01-12,2020-01-18,U002,Approved,2020-01-22
688,7197000003,,158,42.0,1,1,1,,2020-11-25,2020-12-01,U001,Approved,2020-12-11
689,7197000003,,123,32.0,1,1,1,,2020-12-23,2020-12-28,U002,Approved,2021-01-08
690,0000476810,,74,102.0,1,1,1,,2021-02-11,2021-02-16,U001,Approved,2021-02-24
691,7197000003,,167,59.0,1,1,1,,2021-10-29,2021-10-31,U003,Approved,2021-11-07
692,7197000003,,230,86.0,1,1,1,,2021-01-07,2021-01-15,U001,Approved,2021-01-29
693,0000021122,,258,54.0,3,1,1,,2020-01-08,2020-01-16,U003,Approved,2020-01-27
694,0000852320,,116,44.0,1,1,1,,2020-05-01,2020-05-02,U001,Approved,2020-05-17
695,7197000003,,260,112.0,1,1,1,,2020-12-13,2020-12-21,U003,Approved,2021-01-04
696,01-0759540,,188,42.0,3,1,1,,2021-11-06,2021-11-11,U002,Approved,2021-11-24
697,7197000003,,170,114.0,2,1,1,,2020-03-30,2020-04-01,U003,Approved,2020-04-12
698,0000817824,,224,52.0,1,1,1,,2021-10-09,2021-10-11,U002,Approved,2021-10-14
699,95-4482547,,215,91.0,1,1,1,,2021-11-28,2021-12-04,U002,Approved,2021-12-17
700,46-3435079,,214,,3,1,1,,2020-11-11,2020-11-20,U003,Approved,2020-11-25
701,0002590037,,67,23.0,1,1,1,,2020-06-26,2020-06-27,U001,Approved,2020-07-08
702,02-0486480,,576,129.0,1,1,1,,2021-06-23,2021-06-29,U001,Approved,2021-07-12
703,0000024694,,152,55.0,1,1,1,,2020-02-10,2020-02-19,U001,Approved,2020-02-23
704,7197000003,,181,41.0,2,1,1,,2021-12-04,2021-12-12,U001,Approved,2021-12-26
705,33-0941669,,223,92.0,2,1,1,,2021-05-16,2021-05-22,U001,Approved,2021-05-28
706,38-2750395,,258,101.0,1,1,1,,2020-05-24,2020-05-27,U002,Approved,2020-06-02
707,0000021122,,310,163.0,1,1,1,,2020-07-19,2020-07-27,U001,Approved,2020-07-31
708,47-0912342,,295,89.0,1,1,1,,2021-12-24,2022-01-02,U002,Approved,2022-01-07
709,0000456045,,166,116.0,1,1,1,,2021-04-05,2021-04-06,U002,Approved,2021-04-21
710,0000852218,,1615,528.0,1,1,1,,2021-07-11,2021-07-20,U002,Approved,2021-07-25
711,2149009991,,250,113.0,1,1,1,,2021-06-30,2021-07-06,U003,Approved,2021-07-09
712,20-8544905,,526,163.0,2,1,1,,2020-09-09,2020-09-15,U003,Approved,2020-09-23
713,11-3290207,,599,67.0,2,1,1,,2021-01-24,2021-01-28,U002,Approved,2021-02-07
714,7197000003,,54,21.0,2,1,1,,2021-08-16,2021-08-17,U003,Approved,2021-08-31
715,22-3039688,,263,,3,1,1,,2020-09-12,2020-09-22,U001,Approved,2020-09-27
716,0000027269,,152,74.0,1,1,1,,2021-12-09,2021-12-17,U001,Approved,2021-12-24
717,26-4599244,,115,85.0,1,1,1,,2021-03-25,2021-03-27,U002,Approved,2021-03-30
718,7197000003,,60,36.0,2,1,1,,2020-01-10,2020-01-11,U001,Approved,2020-01-23
719,0000480228,,161,43.0,3,1,1,,2020-08-29,2020-08-31,U002,Approved,2020-09-09
720,0000722777,,105,43.0,1,1,1,,2020-09-07,2020-09-08,U002,Approved,2020-09-20
721,0002735146,,172,63.0,1,1,1,,2020-01-05,2020-01-06,U001,Approved,2020-01-21
722,0000090290,,475,250.0,1,1,1,,2020-04-28,2020-05-07,U003,Approved,2020-05-10
723,0000002551,,100,89.0,1,1,1,,2021-01-08,2021-01-09,U001,Approved,2021-01-23
724,23-2769131,,212,79.0,2,1,1,,2020-03-05,2020-03-09,U001,Approved,2020-03-22
725,7197000003,,100,56.0,1,1,1,,2020-05-25,2020-06-04,U002,Approved,2020-06-15
726,7197000003,,414,169.0,1,1,1,,2020-08-11,2020-08-17,U002,Approved,2020-08-27
727,0000010920,,182,100.0,1,1,1,,2020-08-26,2020-09-02,U002,Approved,2020-09-11
728,7811300008,,192,61.0,4,1,1,,2020-06-25,2020-06-27,U002,Approved,2020-07-09
729,0471809999,,126,42.0,1,1,1,,2020-10-08,2020-10-14,U003,Approved,2020-10-23
730,46-4215283,,323,133.0,1,1,1,,2020-03-03,2020-03-10,U003,Approved,2020-03-17
731,0000617677,,190,75.0,3,1,1,,2020-08-04,2020-08-14,U003,Approved,2020-08-21
732,1100900005,,348,283.0,1,1,1,,2021-11-19,2021-11-29,U002,Approved,2021-12-12
733,0002590037,,70,50.0,1,1,1,,2021-04-05,2021-04-07,U002,Approved,2021-04-22
734,38-2699549,,89,41.0,2,1,1,,2021-09-01,2021-09-03,U002,Approved,2021-09-10
735,7197000003,,336,84.0,1,1,1,,2020-04-14,2020-04-24,U003,Approved,2020-04-27
736,7810600004,,223,98.0,1,1,1,,2020-04-08,2020-04-15,U002,Approved,2020-04-25
737,0000451965,,48,20.0,1,1,1,,2021-05-25,2021-05-26,U001,Approved,2021-06-09
738,20-2746596,,149,36.0,2,1,1,,2021-01-19,2021-01-27,U001,Approved,2021-02-09
739,23-2769131,,319,79.0,1,1,1,,2021-02-08,2021-02-11,U002,Approved,2021-02-14
740,7197000003,,60,80.0,1,1,1,,2021-06-01,2021-06-07,U001,Approved,2021-06-13
741,80-0233937,,359,73.0,1,1,1,,2021-04-20,2021-04-29,U001,Approved,2021-05-10
742,7197000003,,134,105.0,1,1,1,,2021-12-09,2021-12-15,U003,Approved,2021-12-26
743,20-5216358,,340,110.0,1,1,1,,2021-10-06,2021-10-15,U002,Approved,2021-10-22
744,20-3702275,,305,60.0,3,1,1,,2021-03-12,2021-03-19,U002,Approved,2021-03-25
745,75-2921540,,200,,1,1,1,,2020-01-23,2020-02-01,U003,Approved,2020-02-06
746,0000451965,,545,187.0,1,1,1,,2021-07-18,2021-07-20,U001,Approved,2021-07-25
747,20-8745846,,235,65.0,2,1,1,,2021-11-07,2021-11-15,U001,Approved,2021-11-29
748,22-3039688,,579,111.0,2,1,1,,2021-12-14,2021-12-22,U002,Approved,2021-12-29
749,0000917742,,345,132.0,1,1,1,,2021-04-02,2021-04-04,U001,Approved,2021-04-16
750,0000619877,,190,94.0,1,1,1,,2020-03-23,2020-03-27,U003,Approved,2020-03-30
751,26-0084919,,227,63.0,4,1,1,,2020-05-24,2020-05-31,U003,Approved,2020-06-07
752,0471809999,,115,51.0,3,1,1,,2020-03-25,2020-03-29,U002,Approved,2020-04-06
753,38-2750395,,264,60.0,1,1,1,,2020-03-18,2020-03-22,U003,Approved,2020-03-31
754,7197000003,,218,55.0,2,1,1,,2021-04-01,2021-04-07,U003,Approved,2021-04-21
755,63-1052225,,197,,3,1,1,,2020-01-01,2020-01-11,U002,Approved,2020-01-22
756,84-1040263,,278,68.0,4,1,1,,2020-02-20,2020-02-26,U003,Approved,2020-03-02
757,23-2470039,,262,105.0,3,1,1,,2021-11-15,2021-11-25,U003,Approved,2021-11-29
758,7197000003,,230,144.0,1,1,1,,2021-12-17,2021-12-20,U003,Approved,2021-12-25
759,0000019573,,103,59.0,1,1,1,,2021-03-21,2021-03-30,U001,Approved,2021-04-13
760,7505400005,,201,53.0,2,1,1,,2021-03-24,2021-04-03,U002,Approved,2021-04-14
761,7197000003,,178,80.0,1,1,1,,2021-05-02,2021-05-04,U002,Approved,2021-05-18
762,7197000003,,260,186.0,1,1,1,,2020-02-03,2020-02-09,U002,Approved,2020-02-18
763,0000546571,,266,117.0,1,1,1,,2020-12-13,2020-12-20,U001,Approved,2020-12-31
764,76-0503625,,105,41.0,1,1,1,,2020-04-04,2020-04-13,U001,Approved,2020-04-28
765,0000020369,,109,150.0,1,1,1,,2020-03-12,2020-03-15,U002,Approved,2020-03-19
766,68-0309242,,238,105.0,1,1,1,,2021-07-04,2021-07-14,U001,Approved,2021-07-21
767,41-1795868,,135,120.0,1,1,1,,2020-06-02,2020-06-05,U002,Approved,2020-06-20
768,27-4023565,,942,,3,1,1,,2020-09-06,2020-09-13,U001,Approved,2020-09-19
769,0471809999,,157,68.0,4,1,1,,2021-11-04,2021-11-08,U003,Approved,2021-11-12
770,7197000003,,120,51.0,1,1,1,,2021-03-13,2021-03-21,U003,Approved,2021-04-01
771,7197000003,,172,59.0,1,1,1,,2020-04-27,2020-05-04,U002,Approved,2020-05-15
772,7810600004,,176,82.0,1,1,1,,2020-11-01,2020-11-06,U001,Approved,2020-11-14
773,0000761806,,194,42.0,1,1,1,,2020-09-24,2020-10-01,U001,Approved,2020-10-14
774,7197000003,,156,27.0,1,1,1,,2020-02-23,2020-02-26,U003,Approved,2020-03-05
775,87-0623581,,310,148.0,1,1,1,,2020-08-23,2020-08-25,U003,Approved,2020-09-04
776,7197000003,,418,178.0,1,1,1,,2021-01-23,2021-01-29,U001,Approved,2021-02-06
777,47-0376012,,250,742.0,1,1,1,,2021-02-04,2021-02-06,U001,Approved,2021-02-09
778,7197000003,,175,118.0,1,1,1,,2021-09-15,2021-09-18,U001,Approved,2021-09-24
779,0000025140,,70,51.0,1,1,1,,2020-10-29,2020-11-04,U001,Approved,2020-11-19
780,0000020214,,140,87.0,1,1,1,,2020-07-25,2020-07-30,U001,Approved,2020-08-08
781,0000476810,,204,65.0,1,1,1,,2020-08-16,2020-08-24,U001,Approved,2020-09-08
782,0000027269,,133,71.0,1,1,1,,2021-07-31,2021-08-09,U002,Approved,2021-08-24
783,0542409990,,182,42.0,2,1,1,,2020-03-15,2020-03-18,U001,Approved,2020-03-22
784,76-0503625,,846,345.0,1,1,1,,2021-03-10,2021-03-20,U003,Approved,2021-03-31
785,47-0834560,,118,27.0,2,1,1,,2020-04-12,2020-04-15,U002,Approved,2020-04-25
786,7197000003,,165,48.0,2,1,1,,2021-02-25,2021-02-28,U001,Approved,2021-03-10
787,0000025080,,196,69.0,1,1,1,,2021-12-04,2021-12-10,U003,Approved,2021-12-19
788,75-3170028,,114,79.0,2,1,1,,2020-11-01,2020-11-02,U002,Approved,2020-11-08
789,7776600008,,130,104.0,1,1,1,,2020-04-07,2020-04-14,U003,Approved,2020-04-18
790,20-0378305,,258,54.0,1,1,1,,2020-11-30,2020-12-01,U001,Approved,2020-12-06
791,0000066848,,100,49.0,1,1,1,,2021-03-10,2021-03-15,U001,Approved,2021-03-29
792,02-0486480,,495,145.0,2,1,1,,2021-03-22,2021-04-01,U001,Approved,2021-04-09
793,48-1148159,,160,40.0,1,1,1,,2020-11-03,2020-11-11,U001,Approved,2020-11-25
794,0000716456,,460,111.0,1,1,1,,2020-09-05,2020-09-09,U002,Approved,2020-09-23
795,0000722777,,720,308.0,1,1,1,,2020-06-14,2020-06-19,U002,Approved,2020-06-26
796,7197000003,,147,52.0,1,1,1,,2021-04-25,2021-04-29,U003,Approved,2021-05-13
797,26-1717830,,238,142.0,1,1,1,,2020-11-30,2020-12-04,U001,Approved,2020-12-14
798,7197000003,,79,53.0,1,1,1,,2021-06-25,2021-07-03,U003,Approved,2021-07-11
799,0000024693,,155,57.0,1,1,1,,2020-04-15,2020-04-17,U002,Approved,2020-04-25
800,0000233031,,203,96.0,1,1,1,,2021-07-16,2021-07-17,U001,Approved,2021-07-20
801,26-4599244,,378,69.0,2,1,1,,2020-03-21,2020-03-24,U001,Approved,2020-03-30
802,0000066777,,324,91.0,1,1,1,,2020-05-12,2020-05-21,U002,Approved,2020-05-28
803,0000012311,,262,113.0,1,1,1,,2020-05-17,2020-05-21,U002,Approved,2020-06-04
804,84-1040263,,345,80.0,1,1,1,,2020-07-02,2020-07-12,U002,Approved,2020-07-25
805,0000068671,,245,45.0,1,1,1,,2021-02-04,2021-02-09,U002,Approved,2021-02-14
806,86-0415227,,125,93.0,1,1,1,,2020-11-25,2020-11-27,U002,Approved,2020-12-12
807,0000504713,,130,29.0,1,1,1,,2021-05-22,2021-05-26,U001,Approved,2021-06-06
808,0000697633,,407,105.0,1,1,1,,2020-03-09,2020-03-11,U002,Approved,2020-03-14
809,41-1795868,,41,34.0,1,1,1,,2021-06-29,2021-07-01,U001,Approved,2021-07-09
810,0000706051,,624,164.0,1,1,1,,2020-02-22,2020-02-26,U001,Approved,2020-03-05
811,0000617677,,260,62.0,3,1,1,,2021-03-25,2021-03-31,U002,Approved,2021-04-12
812,13-6131491,,316,100.0,1,1,1,,2020-07-23,2020-07-30,U002,Approved,2020-08-06
813,0002888798,,269,106.0,1,1,1,,2020-05-05,2020-05-15,U001,Approved,2020-05-29
814,0000012955,,55,24.0,1,1,1,,2020-02-12,2020-02-15,U002,Approved,2020-02-22
815,41-1795868,,98,64.0,1,1,1,,2020-04-20,2020-04-23,U002,Approved,2020-05-05
816,26-4599244,,104,36.0,1,1,1,,2021-10-24,2021-11-03,U002,Approved,2021-11-18
817,0000015219,,252,110.0,1,1,1,,2020-07-01,2020-07-07,U003,Approved,2020-07-14
818,41-1795868,,121,57.0,1,1,1,,2020-04-04,2020-04-07,U001,Approved,2020-04-15
819,0000311845,,233,87.0,1,1,1,,2021-01-08,2021-01-10,U003,Approved,2021-01-20
820,26-2053389,,248,44.0,1,1,1,,2021-06-03,2021-06-11,U002,Approved,2021-06-15
821,0000009607,,107,130.0,1,1,1,,2020-12-25,2020-12-30,U003,Approved,2021-01-07
822,36-4327855,,245,120.0,1,1,1,,2021-11-26,2021-11-27,U002,Approved,2021-11-30
823,7197000003,,65,77.0,2,1,1,,2020-10-07,2020-10-10,U003,Approved,2020-10-16
824,0000817824,,468,468.0,1,1,1,,2020-07-13,2020-07-23,U002,Approved,2020-08-04
825,0000146672,,224,47.0,1,1,1,,2020-07-13,2020-07-21,U003,Approved,2020-07-26
826,39-2001010,,183,86.0,2,1,1,,2021-10-28,2021-11-01,U003,Approved,2021-11-12
827,0000015271,,124,42.0,1,1,1,,2020-04-02,2020-04-09,U003,Approved,2020-04-14
828,0300217804,,205,35.0,1,1,1,,2021-11-02,2021-11-12,U001,Approved,2021-11-20
829,22-3626426,,146,51.0,4,1,1,,2020-03-01,2020-03-03,U003,Approved,2020-03-06
830,7197000003,,123,44.0,1,1,1,,2021-09-25,2021-10-02,U001,Approved,2021-10-16
831,13-6131491,,424,130.0,1,1,1,,2020-02-20,2020-02-25,U002,Approved,2020-03-04
832,7197000003,,268,49.0,1,1,1,,2021-02-06,2021-02-11,U003,Approved,2021-02-17
833,7197000003,,170,72.0,1,1,1,,2020-01-05,2020-01-11,U002,Approved,2020-01-21
834,0003303298,,270,46.0,1,1,1,,2021-04-10,2021-04-19,U002,Approved,2021-05-04
835,0000276579,,80,,1,1,1,,2021-08-26,2021-09-01,U003,Approved,2021-09-14
836,13-6131491,,399,134.0,1,1,1,,2021-11-12,2021-11-20,U001,Approved,2021-12-01
837,0000852218,,175,37.0,3,1,1,,2021-06-17,2021-06-24,U003,Approved,2021-06-30
838,84-1040263,,212,72.0,2,1,1,,2021-02-08,2021-02-17,U002,Approved,2021-03-01
839,7527300003,,427,137.0,1,1,1,,2021-05-27,2021-05-31,U002,Approved,2021-06-14
840,0000068579,,225,49.0,1,1,1,,2021-10-06,2021-10-08,U003,Approved,2021-10-20
841,22-3039688,,72,65.0,2,1,1,,2020-08-20,2020-08-27,U001,Approved,2020-09-04
842,26-4599244,,101,67.0,1,1,1,,2021-06-07,2021-06-13,U001,Approved,2021-06-16
843,0001189117,,120,63.0,1,1,1,,2020-12-11,2020-12-12,U002,Approved,2020-12-18
844,26-0360466,,294,77.0,2,1,1,,2020-02-15,2020-02-24,U002,Approved,2020-03-04
845,7197000003,,209,115.0,1,1,1,,2021-06-29,2021-07-08,U001,Approved,2021-07-22
846,0000024107,,140,100.0,1,1,1,,2020-03-18,2020-03-20,U003,Approved,2020-03-23
847,0000480228,,799,,1,1,1,,2021-12-30,2022-01-02,U002,Approved,2022-01-12
848,7197000003,,152,82.0,1,1,1,,2020-03-13,2020-03-18,U001,Approved,2020-04-01
849,7197000003,,125,73.0,1,1,1,,2020-09-05,2020-09-10,U002,Approved,2020-09-22
850,6443809990,,175,,2,1,1,,2020-02-16,2020-02-17,U003,Approved,2020-03-02
851,04-2992161,,406,171.0,1,1,1,,2020-04-30,2020-05-08,U001,Approved,2020-05-21
852,0002888798,,247,91.0,1,1,1,,2020-08-01,2020-08-09,U002,Approved,2020-08-17
853,7505400005,,388,99.0,1,1,1,,2020-08-26,2020-08-30,U003,Approved,2020-09-06
854,7197000003,,210,103.0,1,1,1,,2020-02-25,2020-03-03,U002,Approved,2020-03-15
855,0000025080,,217,72.0,1,1,1,,2020-12-15,2020-12-25,U003,Approved,2021-01-07
856,23-2769131,,398,125.0,2,1,1,,2020-04-16,2020-04-19,U003,Approved,2020-04-30
857,0000656733,,76,80.0,2,1,1,,2020-02-17,2020-02-23,U001,Approved,2020-02-27
858,0000143662,,348,124.0,3,1,1,,2021-07-26,2021-08-05,U003,Approved,2021-08-12
859,0003303298,,404,150.0,1,1,1,,2020-12-02,2020-12-12,U002,Approved,2020-12-20
860,7197000003,,202,126.0,3,1,1,,2020-01-26,2020-02-04,U003,Approved,2020-02-13
861,0000013303,,384,219.0,1,1,1,,2020-09-13,2020-09-14,U003,Approved,2020-09-21
862,0000915878,,330,111.0,1,1,1,,2020-01-08,2020-01-13,U001,Approved,2020-01-24
863,0000280110,,160,48.0,1,1,1,,2021-09-16,2021-09-20,U003,Approved,2021-09-23
864,33-0941669,,114,66.0,1,1,1,,2020-09-09,2020-09-17,U003,Approved,2020-09-26
865,0542409990,,212,71.0,3,1,1,,2021-11-22,2021-11-23,U002,Approved,2021-12-05
866,36-4327855,,225,94.0,1,1,1,,2021-12-19,2021-12-28,U001,Approved,2022-01-06
867,0000817824,,69,9.0,1,1,1,,2020-10-29,2020-11-04,U001,Approved,2020-11-10
868,7197000003,,159,63.0,1,1,1,,2021-09-30,2021-10-04,U001,Approved,2021-10-15
869,48-1236121,,248,122.0,1,1,1,,2020-02-25,2020-03-05,U003,Approved,2020-03-19
870,23-2769131,,263,85.0,1,1,1,,2021-12-26,2021-12-31,U001,Approved,2022-01-13
871,7257500009,,195,72.0,3,1,1,,2021-06-09,2021-06-14,U003,Approved,2021-06-21
872,0000619877,,311,116.0,1,1,1,,2021-04-18,2021-04-23,U003,Approved,2021-04-29
873,13-6131491,,908,200.0,1,1,1,,2020-01-28,2020-01-29,U002,Approved,2020-02-13
874,39-1767726,,160,76.0,1,1,1,,2020-03-18,2020-03-19,U002,Approved,2020-03-28
875,0000451965,,86,41.0,1,1,1,,2020-08-03,2020-08-11,U002,Approved,2020-08-17
876,26-0021318,,129,106.0,1,1,1,,2021-01-20,2021-01-28,U002,Approved,2021-02-02
877,0000131650,,72,25.0,2,1,1,,2020-12-30,2021-01-05,U002,Approved,2021-01-16
878,0000066848,,20,44.0,1,1,1,,2021-10-27,2021-10-31,U003,Approved,2021-11-13
879,46-1342618,,348,95.0,2,1,1,,2021-06-09,2021-06-11,U003,Approved,2021-06-21
880,7811300008,,240,40.0,1,1,1,,2021-11-29,2021-12-01,U001,Approved,2021-12-04
881,20-5216358,,328,171.0,1,1,1,,2020-11-07,2020-11-16,U003,Approved,2020-11-25
882,0000008120,,176,83.0,3,1,1,,2020-01-07,2020-01-12,U003,Approved,2020-01-23
883,7197000003,,52,11.0,2,1,1,,2020-01-03,2020-01-07,U002,Approved,2020-01-17
884,7416700009,,545,237.0,1,1,1,,2021-09-14,2021-09-24,U003,Approved,2021-10-04
885,43-1918759,,80,35.0,1,1,1,,2020-12-28,2020-12-29,U002,Approved,2021-01-13
886,20-0378305,,223,80.0,1,1,1,,2021-05-22,2021-05-29,U001,Approved,2021-06-06
887,0002590037,,104,119.0,1,1,1,,2020-09-30,2020-10-03,U001,Approved,2020-10-16
888,7197000003,,104,66.0,1,1,1,,2021-05-20,2021-05-26,U003,Approved,2021-06-01
889,0000034953,,264,96.0,1,1,1,,2020-01-15,2020-01-20,U001,Approved,2020-01-30
890,0000024694,,215,46.0,3,1,1,,2020-07-10,2020-07-15,U003,Approved,2020-07-20
891,84-0849361,,337,74.0,1,1,1,,2021-09-22,2021-09-27,U001,Approved,2021-10-12
892,0000451965,,650,256.0,1,1,1,,2021-04-29,2021-04-30,U002,Approved,2021-05-11
893,0000656733,,500,113.0,1,1,1,,2020-01-28,2020-01-29,U002,Approved,2020-02-13
894,0000066777,,200,84.0,1,1,1,,2021-12-14,2021-12-17,U002,Approved,2021-12-21
895,0000606046,,22,,1,1,1,,2020-02-08,2020-02-18,U002,Approved,2020-02-22
896,7197000003,,182,120.0,2,1,1,,2020-09-29,2020-10-03,U003,Approved,2020-10-17
897,20-0378305,,148,46.0,1,1,1,,2020-08-18,2020-08-23,U001,Approved,2020-09-07
898,0000451965,,255,190.0,1,1,1,,2020-03-26,2020-03-28,U003,Approved,2020-04-11
899,0000013421,,47,15.0,1,1,1,,2021-04-18,2021-04-26,U002,Approved,2021-05-05
900,0000700670,,116,39.0,1,1,1,,2020-05-05,2020-05-07,U003,Approved,2020-05-21
901,0000015435,,133,60.0,3,1,1,,2021-06-20,2021-06-29,U001,Approved,2021-07-11
902,05-0402708,,169,41.0,2,1,1,,2020-05-24,2020-05-26,U003,Approved,2020-06-01
903,7197000003,,75,22.0,1,1,1,,2021-06-08,2021-06-17,U001,Approved,2021-06-29
904,33-0941669,,465,93.0,1,1,1,,2020-07-30,2020-08-06,U003,Approved,2020-08-16
905,41-1795868,,140,87.0,1,1,1,,2020-01-25,2020-02-02,U001,Approved,2020-02-13
906,26-3295749,,408,246.0,1,1,1,,2021-08-02,2021-08-04,U001,Approved,2021-08-13
907,0000005633,,91,37.0,1,1,1,,2021-01-28,2021-02-04,U002,Approved,2021-02-11
908,47-3632618,,268,142.0,1,1,1,,2020-03-07,2020-03-13,U001,Approved,2020-03-23
909,1048900004,,315,126.0,1,1,1,,2020-08-20,2020-08-24,U002,Approved,2020-08-30
910,0000015697,,626,335.0,1,1,1,,2020-04-18,2020-04-25,U002,Approved,2020-04-29
911,0026341647,,128,35.0,1,1,1,,2020-05-25,2020-05-29,U002,Approved,2020-06-11
912,0002590037,,271,95.0,1,1,1,,2020-04-20,2020-04-22,U003,Approved,2020-05-06
913,0000063194,,295,155.0,1,1,1,,2020-08-15,2020-08-25,U003,Approved,2020-09-02
914,20-5973457,,304,126.0,2,1,1,,2020-04-20,2020-04-27,U003,Approved,2020-05-08
915,0000480228,,136,77.0,1,1,1,,2021-04-14,2021-04-22,U003,Approved,2021-04-25
916,7505400005,,294,62.0,2,1,1,,2020-02-03,2020-02-05,U001,Approved,2020-02-18
917,7197000003,,468,288.0,1,1,1,,2021-09-14,2021-09-19,U001,Approved,2021-10-01
918,0004186591,,502,,3,1,1,,2021-01-03,2021-01-04,U003,Approved,2021-01-18
919,0000617677,,268,60.0,3,1,1,,2021-08-17,2021-08-24,U001,Approved,2021-09-02
920,0000112837,,375,208.0,1,1,1,,2021-07-07,2021-07-15,U001,Approved,2021-07-27
921,0000915878,,125,53.0,1,1,1,,2021-02-28,2021-03-06,U002,Approved,2021-03-17
922,0000504713,,139,64.0,4,1,1,,2021-09-04,2021-09-09,U002,Approved,2021-09-21
923,0000817824,,284,131.0,1,1,1,,2021-06-01,2021-06-07,U002,Approved,2021-06-18
924,36-4327855,,480,169.0,1,1,1,,2021-11-22,2021-11-24,U002,Approved,2021-12-06
925,22-3039688,,263,103.0,1,1,1,,2020-10-08,2020-10-09,U001,Approved,2020-10-22
926,0000656733,,181,50.0,2,1,1,,2020-11-15,2020-11-22,U003,Approved,2020-12-07
927,0000026967,,171,59.0,1,1,1,,2021-03-18,2021-03-25,U001,Approved,2021-03-30
928,0000501105,,387,86.0,1,1,1,,2020-11-10,2020-11-20,U001,Approved,2020-12-03
929,26-4599244,,165,135.0,3,1,1,,2021-01-11,2021-01-21,U001,Approved,2021-02-05
930,0000480228,,182,74.0,1,1,1,,2020-10-15,2020-10-17,U002,Approved,2020-10-24
931,20-2928975,,260,112.0,2,1,1,,2021-03-12,2021-03-14,U002,Approved,2021-03-24
932,7197000003,,183,60.0,1,1,1,,2021-10-23,2021-10-24,U002,Approved,2021-11-03
933,0000592448,,104,22.0,2,1,1,,2020-10-03,2020-10-13,U003,Approved,2020-10-19
934,7197000003,,206,64.0,1,1,1,,2021-12-10,2021-12-18,U001,Approved,2022-01-01
935,0002888798,,81,33.0,2,1,1,,2021-08-04,2021-08-12,U003,Approved,2021-08-25
936,26-4599244,,216,72.0,1,1,1,,2021-05-17,2021-05-18,U002,Approved,2021-05-31
937,57-1175755,,198,96.0,1,1,1,,2021-09-15,2021-09-23,U003,Approved,2021-09-26
938,7197000003,,161,70.0,1,1,1,,2021-05-30,2021-06-08,U001,Approved,2021-06-11
939,0002712969,,171,50.0,1,1,1,,2020-12-15,2020-12-19,U001,Approved,2020-12-25
940,7568300002,,357,139.0,1,1,1,,2021-03-21,2021-03-22,U002,Approved,2021-03-30
941,22-3470404,,182,,2,1,1,,2020-12-15,2020-12-16,U002,Approved,2020-12-26
942,75-2921540,,399,90.0,1,1,1,,2021-08-29,2021-09-01,U003,Approved,2021-09-09
943,20-2749403,,142,60.0,1,1,1,,2021-10-25,2021-10-30,U002,Approved,2021-11-13
944,0000065788,,316,135.0,1,1,1,,2020-05-16,2020-05-21,U002,Approved,2020-06-01
945,26-4599244,,135,58.0,3,1,1,,2020-08-30,2020-09-08,U001,Approved,2020-09-19
946,7992700007,,400,257.0,1,1,1,,2021-06-26,2021-07-06,U002,Approved,2021-07-10
947,0000015271,,150,,1,1,1,,2020-02-09,2020-02-11,U002,Approved,2020-02-23
948,7197000003,,69,46.0,2,1,1,,2020-08-16,2020-08-18,U001,Approved,2020-08-21
949,22-3039688,,195,,2,1,1,,2021-07-01,2021-07-07,U001,Approved,2021-07-11
950,68-0151632,,220,140.0,1,1,1,,2020-08-10,2020-08-19,U003,Approved,2020-08-26
951,54-2024584,,299,83.0,1,1,1,,2020-01-06,2020-01-07,U002,Approved,2020-01-13
952,0000034953,,136,25.0,1,1,1,,2020-11-17,2020-11-26,U001,Approved,2020-12-02
953,68-0309242,,398,163.0,3,1,1,,2021-04-12,2021-04-21,U003,Approved,2021-05-02
954,36-4327855,,461,145.0,1,1,1,,2020-03-15,2020-03-24,U003,Approved,2020-04-06
955,7197000003,,246,49.0,3,1,1,,2020-01-04,2020-01-09,U002,Approved,2020-01-19
956,47-0912342,,150,40.0,1,1,1,,2021-10-07,2021-10-16,U002,Approved,2021-10-24
957,36-4327855,,394,85.0,1,1,1,,2020-04-27,2020-05-01,U003,Approved,2020-05-04
958,20-4255880,,424,195.0,1,1,1,,2021-08-28,2021-08-30,U001,Approved,2021-09-03
959,0000019850,,129,55.0,1,1,1,,2021-05-18,2021-05-24,U003,Approved,2021-06-01
960,7197000003,,298,142.0,1,1,1,,2021-07-27,2021-07-31,U002,Approved,2021-08-13
961,01-0464609,,136,117.0,1,1,1,,2021-03-16,2021-03-22,U001,Approved,2021-03-26
962,7197000003,,118,76.0,2,1,1,,2020-07-12,2020-07-15,U001,Approved,2020-07-30
963,7976700006,,189,78.0,2,1,1,,2021-12-15,2021-12-21,U003,Approved,2022-01-02
964,0000852218,,213,81.0,1,1,1,,2021-01-26,2021-01-28,U002,Approved,2021-02-04
965,26-4599244,,214,75.0,1,1,1,,2020-01-26,2020-01-28,U003,Approved,2020-02-04
966,7197000003,,208,51.0,1,1,1,,2021-03-10,2021-03-19,U003,Approved,2021-03-27
967,76-0503625,,402,119.0,1,1,1,,2020-06-21,2020-06-28,U003,Approved,2020-07-06
968,0000852218,,117,25.0,1,1,1,,2020-10-26,2020-10-29,U001,Approved,2020-11-06
969,80-0233937,,304,63.0,2,1,1,,2021-10-06,2021-10-07,U001,Approved,2021-10-11
970,0000451965,,509,154.0,3,1,1,,2020-11-21,2020-11-29,U002,Approved,2020-12-11
971,0000058243,,186,41.0,1,1,1,,2021-02-13,2021-02-19,U002,Approved,2021-03-06
972,0000959395,,160,69.0,1,1,1,,2020-04-27,2020-05-04,U003,Approved,2020-05-09
973,26-1193089,,159,49.0,1,1,1,,2021-12-24,2022-01-02,U003,Approved,2022-01-10
974,7197000003,,266,94.0,1,1,1,,2020-08-12,2020-08-17,U003,Approved,2020-09-01
975,0000067132,,84,59.0,1,1,1,,2021-06-15,2021-06-16,U002,Approved,2021-06-26
976,7810600004,,200,80.0,1,1,1,,2020-04-22,2020-05-02,U001,Approved,2020-05-16
977,75-2857425,,333,70.0,2,1,1,,2020-05-19,2020-05-26,U001,Approved,2020-06-10
978,7197000003,,168,107.0,1,1,1,,2021-07-12,2021-07-17,U003,Approved,2021-07-30
979,75-2695327,,86,44.0,2,1,1,,2020-01-01,2020-01-04,U003,Approved,2020-01-18
980,33-0975529,,329,135.0,1,1,1,,2020-03-30,2020-04-08,U003,Approved,2020-04-11
981,0000034953,,189,144.0,1,1,1,,2021-10-15,2021-10-16,U003,Approved,2021-10-19
982,0000060275,,244,64.0,1,1,1,,2020-11-15,2020-11-16,U002,Approved,2020-11-29
983,05-0402708,,155,47.0,2,1,1,,2021-07-03,2021-07-04,U001,Approved,2021-07-19
984,7505400005,,136,237.0,1,1,1,,2020-05-18,2020-05-21,U003,Approved,2020-05-25
985,0000004860,,77,,1,1,1,,2021-05-25,2021-05-31,U002,Approved,2021-06-13
986,0000007091,,220,170.0,1,1,1,,2020-09-15,2020-09-25,U003,Approved,2020-10-09
987,7442300004,,210,59.0,3,1,1,,2021-11-03,2021-11-06,U003,Approved,2021-11-20
988,0000019222,,307,88.0,1,1,1,,2021-11-20,2021-11-28,U001,Approved,2021-12-06
989,26-4599244,,160,54.0,2,1,1,,2020-01-10,2020-01-20,U003,Approved,2020-01-31
990,7197000003,,91,64.0,1,1,1,,2020-09-17,2020-09-19,U001,Approved,2020-09-25
991,0000006885,,35,37.0,1,1,1,,2021-10-11,2021-10-20,U001,Approved,2021-10-25
992,36-4327855,,328,67.0,1,1,1,,2020-06-20,2020-06-23,U001,Approved,2020-07-07
993,7257500009,,162,50.0,3,1,1,,2020-01-13,2020-01-18,U002,Approved,2020-01-28
994,0000066328,,29,62.0,1,1,1,,2020-06-16,2020-06-26,U002,Approved,2020-07-09
995,0000546571,,213,143.0,1,1,1,,2021-10-03,2021-10-11,U001,Approved,2021-10-23
996,33-0941669,,78,40.0,2,1,1,,2021-08-18,2021-08-20,U003,Approved,2021-08-31
997,68-0151632,,870,139.0,3,1,1,,2020-11-16,2020-11-22,U001,Approved,2020-12-06
998,46-3435079,,405,,3,1,1,,2020-11-14,2020-11-19,U003,Approved,2020-12-02
999,26-0455770,,302,147.0,1,1,1,,2021-09-04,2021-09-14,U001,Approved,2021-09-21
